ImageNumber,ObjectNumber,Location_Center_X,Location_Center_Y,Location_Center_Z,Number_Object_Number,Parent_Nucleoli
1,1,84.29411764705883,9.970588235294118,0,1,1
1,2,135.0,17.0,0,2,2
1,3,86.29824561403508,17.912280701754387,0,3,3
1,4,124.625,20.25,0,4,4
1,5,613.125,23.125,0,5,5
1,6,233.63636363636363,23.393939393939394,0,6,6
1,7,243.83333333333334,25.5,0,7,7
1,8,83.69090909090909,26.78181818181818,0,8,8
1,9,246.0,28.75,0,9,9
1,10,126.52941176470588,28.58823529411765,0,10,10
1,11,136.34285714285716,30.142857142857142,0,11,11
1,12,489.1666666666667,28.6,0,12,12
1,13,87.71428571428571,32.0,0,13,13
1,14,134.25,32.0,0,14,14
1,15,139.0,32.0,0,15,15
1,16,286.125,32.875,0,16,16
1,17,495.6923076923077,32.02564102564103,0,17,17
1,18,139.57142857142858,34.285714285714285,0,18,18
1,19,240.45263157894738,36.63157894736842,0,19,19
1,20,293.3333333333333,37.266666666666666,0,20,20
1,21,124.4,37.8,0,21,21
1,22,132.1,36.4,0,22,22
1,23,248.94444444444446,38.22222222222222,0,23,23
1,24,285.8333333333333,41.166666666666664,0,24,24
1,25,548.8421052631579,40.8421052631579,0,25,25
1,26,133.17708333333334,41.875,0,26,26
1,27,303.6666666666667,42.266666666666666,0,27,27
1,28,369.2857142857143,44.5,0,28,28
1,29,656.0,43.21052631578947,0,29,29
1,30,137.0,47.75,0,30,30
1,31,501.0,46.8,0,31,31
1,32,535.7692307692307,47.84615384615385,0,32,32
1,33,377.0769230769231,49.30769230769231,0,33,33
1,34,543.4782608695652,48.91304347826087,0,34,34
1,35,369.25,49.1,0,35,35
1,36,653.7142857142857,50.214285714285715,0,36,36
1,37,455.0769230769231,51.69230769230769,0,37,37
1,38,371.0,52.0,0,38,38
1,39,382.54545454545456,52.63636363636363,0,39,39
1,40,658.4117647058823,52.11764705882353,0,40,40
1,41,372.15384615384613,54.30769230769231,0,41,41
1,42,458.0,54.5,0,42,42
1,43,373.8888888888889,56.77777777777778,0,43,43
1,44,451.0,55.25,0,44,44
1,45,651.1666666666666,56.833333333333336,0,45,45
1,46,381.6969696969697,58.24242424242424,0,46,46
1,47,622.5,58.5,0,47,47
1,48,660.3333333333334,58.666666666666664,0,48,48
1,49,613.0,58.40909090909091,0,49,49
1,50,451.3225806451613,60.516129032258064,0,50,50
1,51,615.6363636363636,60.81818181818182,0,51,51
1,52,655.9629629629629,61.351851851851855,0,52,52
1,53,534.3846153846154,62.38461538461539,0,53,53
1,54,618.3809523809524,62.142857142857146,0,54,54
1,55,438.0,62.5,0,55,55
1,56,450.5,67.0,0,56,56
1,57,508.6,69.4,0,57,57
1,58,521.75,70.0,0,58,58
1,59,617.875,71.09375,0,59,59
1,60,517.0784313725491,72.23529411764706,0,60,60
1,61,563.5,74.5,0,61,61
1,62,575.4285714285714,74.57142857142857,0,62,62
1,63,615.1818181818181,75.72727272727273,0,63,63
1,64,503.2,78.0,0,64,64
1,65,287.53846153846155,78.46153846153847,0,65,65
1,66,509.3703703703704,79.0,0,66,66
1,67,560.1333333333333,79.8,0,67,67
1,68,496.8888888888889,80.33333333333333,0,68,68
1,69,567.0178571428571,81.51785714285714,0,69,69
1,70,292.3137254901961,81.80392156862744,0,70,70
1,71,298.2857142857143,81.57142857142857,0,71,71
1,72,190.6551724137931,82.65517241379311,0,72,72
1,73,289.25,84.375,0,73,73
1,74,552.7894736842105,83.05263157894737,0,74,74
1,75,374.7037037037037,87.55555555555556,0,75,75
1,76,297.63157894736844,87.89473684210526,0,76,76
1,77,561.0,88.0,0,77,77
1,78,186.2436974789916,90.36974789915966,0,78,78
1,79,309.10714285714283,89.82142857142857,0,79,79
1,80,292.39473684210526,90.71052631578948,0,80,80
1,81,369.4,93.25714285714285,0,81,81
1,82,381.84615384615387,92.46153846153847,0,82,82
1,83,179.35714285714286,95.21428571428571,0,83,83
1,84,362.7142857142857,95.14285714285714,0,84,84
1,85,372.0,97.75,0,85,85
1,86,465.1111111111111,103.27777777777777,0,86,86
1,87,479.5,106.2,0,87,87
1,88,653.5,107.83333333333333,0,88,88
1,89,401.4117647058824,112.11764705882354,0,89,89
1,90,458.8888888888889,110.66666666666667,0,90,90
1,91,473.5,111.5,0,91,91
1,92,423.15384615384613,115.47435897435898,0,92,92
1,93,655.75,113.0,0,93,93
1,94,652.3207547169811,112.73584905660377,0,94,94
1,95,463.2903225806452,115.45161290322581,0,95,95
1,96,469.0,115.17391304347827,0,96,96
1,97,392.90909090909093,116.0909090909091,0,97,97
1,98,647.9473684210526,118.86842105263158,0,98,98
1,99,418.625,117.25,0,99,99
1,100,430.0769230769231,117.6923076923077,0,100,100
1,101,644.625,120.25,0,101,101
1,102,651.375,120.25,0,102,102
1,103,655.5833333333334,121.20833333333333,0,103,103
1,104,393.0,122.12121212121212,0,104,104
1,105,198.6888888888889,124.22222222222223,0,105,105
1,106,249.46031746031747,121.92063492063492,0,106,106
1,107,423.0,123.0,0,107,107
1,108,659.5,123.0909090909091,0,108,108
1,109,70.25,124.0,0,109,109
1,110,242.38095238095238,123.80952380952381,0,110,110
1,111,388.11538461538464,124.3076923076923,0,111,111
1,112,110.71428571428571,125.45238095238095,0,112,112
1,113,557.8,126.0,0,113,113
1,114,64.42857142857143,127.71428571428571,0,114,114
1,115,249.625,128.25,0,115,115
1,116,383.45,129.45,0,116,116
1,117,415.90909090909093,129.24242424242425,0,117,117
1,118,66.6,128.7,0,118,118
1,119,197.35714285714286,130.85714285714286,0,119,119
1,120,650.0,129.75,0,120,120
1,121,75.8936170212766,131.06382978723406,0,121,121
1,122,647.0,130.5,0,122,122
1,123,105.26666666666667,132.2,0,123,123
1,124,519.75,130.625,0,124,124
1,125,560.0666666666667,132.75,0,125,125
1,126,567.125,133.125,0,126,126
1,127,64.18181818181819,134.45454545454547,0,127,127
1,128,93.0,134.5,0,128,128
1,129,549.6153846153846,133.6153846153846,0,129,129
1,130,99.18181818181819,135.54545454545453,0,130,130
1,131,202.0,136.82608695652175,0,131,131
1,132,195.05555555555554,136.61111111111111,0,132,132
1,133,239.3,137.3,0,133,133
1,134,244.94642857142858,136.75,0,134,134
1,135,69.89655172413794,135.97701149425288,0,135,135
1,136,519.3932584269663,137.7078651685393,0,136,136
1,137,108.1864406779661,139.4915254237288,0,137,137
1,138,511.5625,140.75,0,138,138
1,139,551.0,140.8,0,139,139
1,140,557.625,141.25,0,140,140
1,141,112.33333333333333,142.33333333333334,0,141,141
1,142,240.05,142.3,0,142,142
1,143,198.3125,144.125,0,143,143
1,144,248.0,143.7058823529412,0,144,144
1,145,193.54347826086956,144.6304347826087,0,145,145
1,146,507.4642857142857,144.85714285714286,0,146,146
1,147,103.88461538461539,147.3846153846154,0,147,147
1,148,307.40425531914894,145.27659574468086,0,148,148
1,149,66.57142857142857,145.71428571428572,0,149,149
1,150,69.8,146.8,0,150,150
1,151,61.0,148.25,0,151,151
1,152,96.25,148.75,0,152,152
1,153,109.375,148.75,0,153,153
1,154,189.15384615384616,149.3846153846154,0,154,154
1,155,590.2105263157895,146.73684210526315,0,155,155
1,156,505.14285714285717,150.14285714285714,0,156,156
1,157,580.7142857142857,150.0,0,157,157
1,158,298.65384615384613,152.34615384615384,0,158,158
1,159,66.41911764705883,152.2058823529412,0,159,159
1,160,586.5116279069767,153.0,0,160,160
1,161,592.6538461538462,152.42307692307693,0,161,161
1,162,102.5,154.33333333333334,0,162,162
1,163,302.0,155.83333333333334,0,163,163
1,164,311.75,153.625,0,164,164
1,165,306.5,157.0,0,165,165
1,166,347.4390243902439,157.8780487804878,0,166,166
1,167,312.5211267605634,159.16901408450704,0,167,167
1,168,577.46875,157.65625,0,168,168
1,169,62.11363636363637,161.22727272727272,0,169,169
1,170,98.62295081967213,158.39344262295083,0,170,170
1,171,102.41666666666667,164.75,0,171,171
1,172,344.625,165.25,0,172,172
1,173,97.80952380952381,165.57142857142858,0,173,173
1,174,354.8333333333333,166.0,0,174,174
1,175,350.2911392405063,166.86075949367088,0,175,175
1,176,415.19354838709677,169.51612903225808,0,176,176
1,177,410.3333333333333,170.83333333333334,0,177,177
1,178,357.3333333333333,172.33333333333334,0,178,178
1,179,401.38461538461536,174.0,0,179,179
1,180,396.8333333333333,175.72222222222223,0,180,180
1,181,514.0652173913044,174.7608695652174,0,181,181
1,182,406.64285714285717,175.57142857142858,0,182,182
1,183,348.0,176.5,0,183,183
1,184,355.8965517241379,179.17241379310346,0,184,184
1,185,519.875,180.66666666666666,0,185,185
1,186,509.6458333333333,180.64583333333334,0,186,186
1,187,520.6153846153846,185.6153846153846,0,187,187
1,188,592.5,185.5,0,188,188
1,189,280.3809523809524,186.57142857142858,0,189,189
1,190,217.875,187.25,0,190,190
1,191,275.8888888888889,187.77777777777777,0,191,191
1,192,508.0,187.5,0,192,192
1,193,273.9,188.8,0,193,193
1,194,353.57142857142856,189.61904761904762,0,194,194
1,195,595.969696969697,190.57575757575756,0,195,195
1,196,222.2923076923077,190.92307692307693,0,196,196
1,197,227.375,191.25,0,197,197
1,198,271.85185185185185,191.5185185185185,0,198,198
1,199,217.05882352941177,193.64705882352942,0,199,199
1,200,281.75,191.625,0,200,200
1,201,646.3333333333334,194.0,0,201,201
1,202,288.5,193.5,0,202,202
1,203,209.2876712328767,195.6986301369863,0,203,203
1,204,281.8269230769231,194.75,0,204,204
1,205,295.08,194.46,0,205,205
1,206,644.8,197.0,0,206,206
1,207,546.25,199.625,0,207,207
1,208,596.5138888888889,200.77777777777777,0,208,208
1,209,664.7586206896551,199.6551724137931,0,209,209
1,210,539.5,202.21428571428572,0,210,210
1,211,548.6122448979592,202.10204081632654,0,211,211
1,212,653.0232558139535,202.06976744186048,0,212,212
1,213,225.77777777777777,203.05555555555554,0,213,213
1,214,659.2916666666666,203.08333333333334,0,214,214
1,215,442.44827586206895,208.58620689655172,0,215,215
1,216,448.9714285714286,207.6,0,216,216
1,217,539.1607142857143,209.39285714285714,0,217,217
1,218,587.0,209.71428571428572,0,218,218
1,219,592.6046511627907,208.0,0,219,219
1,220,539.1818181818181,215.1818181818182,0,220,220
1,221,450.4468085106383,217.06382978723406,0,221,221
1,222,441.6666666666667,222.33333333333334,0,222,222
1,223,492.26190476190476,224.0,0,223,223
1,224,479.3636363636364,223.98181818181817,0,224,224
1,225,448.7567567567568,225.83783783783784,0,225,225
1,226,483.7931034482759,228.6206896551724,0,226,226
1,227,491.24242424242425,230.6969696969697,0,227,227
1,228,135.95652173913044,231.3913043478261,0,228,228
1,229,449.3333333333333,230.66666666666666,0,229,229
1,230,402.41818181818184,233.6,0,230,230
1,231,438.75,235.0,0,231,231
1,232,143.76923076923077,236.23076923076923,0,232,232
1,233,446.1578947368421,234.5,0,233,233
1,234,128.1304347826087,240.1304347826087,0,234,234
1,235,122.0,244.625,0,235,235
1,236,136.77215189873417,242.8987341772152,0,236,236
1,237,396.32608695652175,243.34782608695653,0,237,237
1,238,403.6734693877551,242.6734693877551,0,238,238
1,239,119.625,246.75,0,239,239
1,240,407.3333333333333,247.41666666666666,0,240,240
1,241,497.0,250.29166666666666,0,241,241
1,242,509.5689655172414,249.60344827586206,0,242,242
1,243,126.91228070175438,251.47368421052633,0,243,243
1,244,137.4090909090909,251.4318181818182,0,244,244
1,245,490.76,257.96,0,245,245
1,246,132.64705882352942,258.5882352941176,0,246,246
1,247,501.0,258.8837209302326,0,247,247
1,248,494.94117647058823,261.3529411764706,0,248,248
1,249,362.7083333333333,265.0416666666667,0,249,249
1,250,359.77659574468083,270.74468085106383,0,250,250
1,251,351.93333333333334,269.73333333333335,0,251,251
1,252,552.1153846153846,269.84615384615387,0,252,252
1,253,364.9230769230769,273.84615384615387,0,253,253
1,254,548.3,275.9,0,254,254
1,255,360.0,279.7142857142857,0,255,255
1,256,553.6923076923077,280.11538461538464,0,256,256
1,257,390.1111111111111,280.6666666666667,0,257,257
1,258,403.0833333333333,283.1666666666667,0,258,258
1,259,547.0,282.7142857142857,0,259,259
1,260,544.5,285.9117647058824,0,260,260
1,261,391.6,286.48,0,261,261
1,262,397.625,285.75,0,262,262
1,263,385.57142857142856,287.6904761904762,0,263,263
1,264,431.55,288.975,0,264,264
1,265,404.8888888888889,290.6666666666667,0,265,265
1,266,440.3333333333333,290.74074074074076,0,266,266
1,267,658.5882352941177,291.11764705882354,0,267,267
1,268,389.0,292.0,0,268,268
1,269,400.1025641025641,292.05128205128204,0,269,269
1,270,666.0,292.1666666666667,0,270,270
1,271,42.63636363636363,296.09090909090907,0,271,271
1,272,430.8333333333333,296.1666666666667,0,272,272
1,273,662.3085106382979,299.1808510638298,0,273,273
1,274,436.55172413793105,297.3103448275862,0,274,274
1,275,661.0,296.0,0,275,275
1,276,49.5,298.5,0,276,276
1,277,397.8,298.0,0,277,277
1,278,655.5,301.0,0,278,278
1,279,42.170731707317074,301.6585365853659,0,279,279
1,280,440.2857142857143,302.5,0,280,280
1,281,50.7,302.3,0,281,281
1,282,662.75,304.0,0,282,282
1,283,98.9375,304.6875,0,283,283
1,284,435.34375,304.53125,0,284,284
1,285,104.33333333333333,308.0,0,285,285
1,286,107.28571428571429,308.0,0,286,286
1,287,660.6153846153846,308.38461538461536,0,287,287
1,288,49.6,307.9230769230769,0,288,288
1,289,55.27777777777778,308.8333333333333,0,289,289
1,290,655.125,309.1666666666667,0,290,290
1,291,440.2857142857143,310.5,0,291,291
1,292,95.70270270270271,311.8378378378378,0,292,292
1,293,661.2,313.2,0,293,293
1,294,56.71111111111111,313.4222222222222,0,294,294
1,295,108.61904761904762,314.7142857142857,0,295,295
1,296,102.29787234042553,318.70212765957444,0,296,296
1,297,106.44444444444444,321.1111111111111,0,297,297
1,298,96.07692307692308,321.7692307692308,0,298,298
1,299,30.54054054054054,328.2972972972973,0,299,299
1,300,44.1578947368421,331.1578947368421,0,300,300
1,301,35.4264705882353,333.44117647058823,0,301,301
1,302,30.5,336.0,0,302,302
1,303,681.2,336.4,0,303,303
1,304,45.266666666666666,338.81666666666666,0,304,304
1,305,684.0,339.75,0,305,305
1,306,36.04,340.76,0,306,306
1,307,675.0,340.5,0,307,307
1,308,675.4457831325301,346.9156626506024,0,308,308
1,309,682.8181818181819,347.1818181818182,0,309,309
1,310,676.1666666666666,350.1666666666667,0,310,310
1,311,668.3448275862069,351.7241379310345,0,311,311
1,312,672.5,357.0,0,312,312
1,313,66.09677419354838,360.06451612903226,0,313,313
1,314,77.0,363.57142857142856,0,314,314
1,315,69.0909090909091,363.27272727272725,0,315,315
1,316,68.30434782608695,368.6304347826087,0,316,316
1,317,69.06666666666666,374.9,0,317,317
1,318,67.83333333333333,378.1666666666667,0,318,318
1,319,125.875,385.1875,0,319,319
1,320,123.38461538461539,386.84615384615387,0,320,320
1,321,115.55555555555556,392.0,0,321,321
1,322,124.07843137254902,393.3137254901961,0,322,322
1,323,199.3,394.3,0,323,323
1,324,198.0735294117647,398.70588235294116,0,324,324
1,325,125.15384615384616,399.9230769230769,0,325,325
1,326,195.0,401.0,0,326,326
1,327,203.5,400.0,0,327,327
1,328,199.0,404.5,0,328,328
1,329,205.6,404.73333333333335,0,329,329
1,330,210.8,404.4,0,330,330
1,331,197.0,412.0,0,331,331
1,332,29.944444444444443,421.72222222222223,0,332,332
1,333,225.0,420.7142857142857,0,333,333
1,334,26.25,423.0,0,334,334
1,335,222.625,424.75,0,335,335
1,336,233.16666666666666,423.8333333333333,0,336,336
1,337,36.483870967741936,428.19354838709677,0,337,337
1,338,226.30985915492957,427.46478873239437,0,338,338
1,339,232.44,426.52,0,339,339
1,340,585.0909090909091,428.09090909090907,0,340,340
1,341,28.774193548387096,429.83870967741933,0,341,341
1,342,217.0,430.2857142857143,0,342,342
1,343,227.0,432.75,0,343,343
1,344,587.4285714285714,434.6666666666667,0,344,344
1,345,596.25,435.25,0,345,345
1,346,151.33333333333334,437.9166666666667,0,346,346
1,347,232.92307692307693,439.38461538461536,0,347,347
1,348,95.03703703703704,439.5925925925926,0,348,348
1,349,148.28571428571428,439.57142857142856,0,349,349
1,350,103.29577464788733,439.7042253521127,0,350,350
1,351,589.5454545454545,442.1363636363636,0,351,351
1,352,133.44444444444446,443.22222222222223,0,352,352
1,353,141.28971962616822,440.5140186915888,0,353,353
1,354,145.2,444.6,0,354,354
1,355,603.3921568627451,444.9019607843137,0,355,355
1,356,106.2,445.0,0,356,356
1,357,138.16666666666666,446.1666666666667,0,357,357
1,358,530.5,449.72727272727275,0,358,358
1,359,54.4375,460.5625,0,359,359
1,360,529.4137931034483,462.7241379310345,0,360,360
1,361,536.8405797101449,463.5652173913044,0,361,361
1,362,44.94565217391305,470.69565217391306,0,362,362
1,363,26.923076923076923,477.15384615384613,0,363,363
1,364,536.8730158730159,476.6507936507937,0,364,364
1,365,80.94736842105263,480.10526315789474,0,365,365
1,366,214.2,483.4,0,366,366
1,367,52.95,485.6,0,367,367
1,368,63.73684210526316,484.5263157894737,0,368,368
1,369,72.37931034482759,485.0919540229885,0,369,369
1,370,212.3,485.3,0,370,370
1,371,608.8181818181819,486.8181818181818,0,371,371
1,372,603.75,487.6923076923077,0,372,372
1,373,49.42857142857143,489.7142857142857,0,373,373
1,374,60.56060606060606,489.469696969697,0,374,374
1,375,222.0,488.25,0,375,375
1,376,333.625,489.4375,0,376,376
1,377,43.38095238095238,492.57142857142856,0,377,377
1,378,220.36363636363637,491.3030303030303,0,378,378
1,379,341.5,493.5,0,379,379
1,380,206.3,494.3,0,380,380
1,381,608.8888888888889,494.77777777777777,0,381,381
1,382,325.8888888888889,495.6666666666667,0,382,382
1,383,212.2,495.22962962962964,0,383,383
1,384,226.0,498.5,0,384,384
1,385,321.8,498.73333333333335,0,385,385
1,386,219.8125,501.3125,0,386,386
1,387,324.61538461538464,501.7692307692308,0,387,387
1,388,614.2083333333334,501.1041666666667,0,388,388
1,389,332.44444444444446,502.4074074074074,0,389,389
1,390,608.0833333333334,502.4166666666667,0,390,390
1,391,338.6666666666667,502.875,0,391,391
1,392,614.8181818181819,512.8181818181819,0,392,392
2,1,197.0,15.5,0,1,1
2,2,453.5,17.5,0,2,2
2,3,205.15384615384616,18.53846153846154,0,3,3
2,4,458.0,19.0,0,4,4
2,5,560.0,18.5,0,5,5
2,6,565.95,17.25,0,6,6
2,7,189.36111111111111,16.75,0,7,7
2,8,259.0,19.764705882352942,0,8,8
2,9,568.4285714285714,21.214285714285715,0,9,9
2,10,201.25,23.1875,0,10,10
2,11,256.375,23.8125,0,11,11
2,12,192.34615384615384,25.26923076923077,0,12,12
2,13,197.0909090909091,25.636363636363637,0,13,13
2,14,380.3636363636364,27.90909090909091,0,14,14
2,15,453.38461538461536,28.615384615384617,0,15,15
2,16,458.95,28.9,0,16,16
2,17,554.0,29.17391304347826,0,17,17
2,18,358.5,33.0,0,18,18
2,19,67.0,33.0,0,19,19
2,20,349.04,33.76,0,20,20
2,21,239.4,34.2,0,21,21
2,22,245.5,34.5,0,22,22
2,23,464.5,33.5,0,23,23
2,24,377.5,36.5,0,24,24
2,25,384.6363636363636,36.54545454545455,0,25,25
2,26,457.0,35.75,0,26,26
2,27,460.2857142857143,36.0,0,27,27
2,28,71.4,37.4,0,28,28
2,29,60.63636363636363,37.90909090909091,0,29,29
2,30,169.8,39.68,0,30,30
2,31,335.5,39.5,0,31,31
2,32,79.86666666666666,40.333333333333336,0,32,32
2,33,240.55,40.3,0,33,33
2,34,247.11904761904762,41.69047619047619,0,34,34
2,35,331.0,41.0,0,35,35
2,36,350.08,39.72,0,36,36
2,37,601.3636363636364,42.09090909090909,0,37,37
2,38,572.3333333333334,42.166666666666664,0,38,38
2,39,66.07142857142857,44.125,0,39,39
2,40,70.3529411764706,44.64705882352941,0,40,40
2,41,162.21875,45.3125,0,41,41
2,42,77.5,45.0,0,42,42
2,43,384.7241379310345,44.41379310344828,0,43,43
2,44,572.75,45.0,0,44,44
2,45,173.77777777777777,45.407407407407405,0,45,45
2,46,351.0,46.0,0,46,46
2,47,355.05194805194805,48.98701298701299,0,47,47
2,48,569.7058823529412,44.705882352941174,0,48,48
2,49,164.75,47.0,0,49,49
2,50,334.875,49.208333333333336,0,50,50
2,51,338.125,47.875,0,51,51
2,52,387.9166666666667,48.333333333333336,0,52,52
2,53,419.8333333333333,46.833333333333336,0,53,53
2,54,580.047619047619,49.0,0,54,54
2,55,605.2,47.0,0,55,55
2,56,235.33333333333334,49.86666666666667,0,56,56
2,57,330.07142857142856,50.67857142857143,0,57,57
2,58,170.1,51.95,0,58,58
2,59,570.2857142857143,50.785714285714285,0,59,59
2,60,603.0,50.60526315789474,0,60,60
2,61,413.6,52.8,0,61,61
2,62,608.1785714285714,52.892857142857146,0,62,62
2,63,419.6666666666667,52.763888888888886,0,63,63
2,64,428.5,54.714285714285715,0,64,64
2,65,569.2222222222222,55.55555555555556,0,65,65
2,66,329.1666666666667,55.833333333333336,0,66,66
2,67,543.0434782608696,57.26086956521739,0,67,67
2,68,423.96666666666664,59.666666666666664,0,68,68
2,69,552.030303030303,59.09090909090909,0,69,69
2,70,654.1818181818181,61.27272727272727,0,70,70
2,71,343.07142857142856,62.714285714285715,0,71,71
2,72,546.0909090909091,64.10606060606061,0,72,72
2,73,434.38461538461536,63.61538461538461,0,73,73
2,74,325.6666666666667,64.11111111111111,0,74,74
2,75,422.5,64.28571428571429,0,75,75
2,76,245.75,65.0,0,76,76
2,77,240.63793103448276,66.5,0,77,77
2,78,333.6666666666667,66.66666666666667,0,78,78
2,79,647.3333333333334,66.91666666666667,0,79,79
2,80,650.8,67.6,0,80,80
2,81,658.2333333333333,67.96666666666667,0,81,81
2,82,234.3448275862069,69.48275862068965,0,82,82
2,83,127.5,69.5,0,83,83
2,84,229.9090909090909,69.63636363636364,0,84,84
2,85,336.04761904761904,70.45238095238095,0,85,85
2,86,479.6666666666667,69.66666666666667,0,86,86
2,87,252.0,70.71428571428571,0,87,87
2,88,471.57142857142856,70.32142857142857,0,88,88
2,89,485.536231884058,71.10144927536231,0,89,89
2,90,250.0,73.75,0,90,90
2,91,350.27777777777777,71.61111111111111,0,91,91
2,92,462.52941176470586,74.88235294117646,0,92,92
2,93,136.26530612244898,77.37755102040816,0,93,93
2,94,464.75,75.0,0,94,94
2,95,196.85714285714286,76.42857142857143,0,95,95
2,96,655.8630136986301,75.28767123287672,0,96,96
2,97,191.57142857142858,79.42857142857143,0,97,97
2,98,465.1875,80.1875,0,98,98
2,99,187.85294117647058,81.58823529411765,0,99,99
2,100,595.0,80.25,0,100,100
2,101,474.9736842105263,80.84210526315789,0,101,101
2,102,100.78571428571429,84.64285714285714,0,102,102
2,103,192.4,84.8,0,103,103
2,104,109.0,86.2,0,104,104
2,105,197.47222222222223,86.69444444444444,0,105,105
2,106,597.3561643835617,85.34246575342466,0,106,106
2,107,604.3333333333334,87.38888888888889,0,107,107
2,108,592.625,89.375,0,108,108
2,109,614.875,89.125,0,109,109
2,110,116.375,89.75,0,110,110
2,111,138.5,89.17647058823529,0,111,111
2,112,193.625,90.15625,0,112,112
2,113,305.3888888888889,91.77777777777777,0,113,113
2,114,195.16666666666666,93.16666666666667,0,114,114
2,115,113.21212121212122,91.51515151515152,0,115,115
2,116,147.6153846153846,95.17307692307692,0,116,116
2,117,381.8333333333333,95.0,0,117,117
2,118,385.75,95.625,0,118,118
2,119,391.8181818181818,98.36363636363636,0,119,119
2,120,62.5,100.5,0,120,120
2,121,118.96551724137932,102.79310344827586,0,121,121
2,122,515.5625,101.28125,0,122,122
2,123,385.9736842105263,100.67105263157895,0,123,123
2,124,426.9,102.6,0,124,124
2,125,438.7659574468085,98.55319148936171,0,125,125
2,126,306.0,101.71428571428571,0,126,126
2,127,522.5,103.5,0,127,127
2,128,449.53333333333336,103.66666666666667,0,128,128
2,129,445.0,105.28571428571429,0,129,129
2,130,152.984126984127,107.87301587301587,0,130,130
2,131,391.2758620689655,107.58620689655173,0,131,131
2,132,435.96153846153845,107.92307692307692,0,132,132
2,133,306.48837209302326,107.29457364341086,0,133,133
2,134,513.15625,107.46875,0,134,134
2,135,71.0,108.3157894736842,0,135,135
2,136,64.0,110.0,0,136,136
2,137,386.5,111.5,0,137,137
2,138,441.8888888888889,112.33333333333333,0,138,138
2,139,504.7164179104478,111.43283582089552,0,139,139
2,140,69.13669064748201,116.45323741007195,0,140,140
2,141,311.75,114.0,0,141,141
2,142,338.0,114.5,0,142,142
2,143,309.46666666666664,114.73333333333333,0,143,143
2,144,503.84615384615387,116.92307692307692,0,144,144
2,145,495.11764705882354,116.58823529411765,0,145,145
2,146,60.75,117.33333333333333,0,146,146
2,147,322.04651162790697,118.32558139534883,0,147,147
2,148,35.25,119.625,0,148,148
2,149,329.6,120.6,0,149,149
2,150,303.0243902439024,119.92682926829268,0,150,150
2,151,26.833333333333332,120.83333333333333,0,151,151
2,152,316.8333333333333,123.16666666666667,0,152,152
2,153,320.1333333333333,124.66666666666667,0,153,153
2,154,331.1621621621622,126.02702702702703,0,154,154
2,155,335.0,126.0,0,155,155
2,156,400.5882352941176,130.88235294117646,0,156,156
2,157,640.2424242424242,130.95454545454547,0,157,157
2,158,36.285714285714285,133.71428571428572,0,158,158
2,159,395.02702702702703,133.43243243243242,0,159,159
2,160,41.166666666666664,133.16666666666666,0,160,160
2,161,32.0,135.28571428571428,0,161,161
2,162,386.0,133.25,0,162,162
2,163,449.54347826086956,133.65217391304347,0,163,163
2,164,321.4736842105263,133.1315789473684,0,164,164
2,165,391.0,135.0,0,165,165
2,166,649.6470588235294,134.52941176470588,0,166,166
2,167,232.38888888888889,135.86111111111111,0,167,167
2,168,389.75,136.0,0,168,168
2,169,46.0,137.26470588235293,0,169,169
2,170,320.6666666666667,137.33333333333334,0,170,170
2,171,385.70588235294116,136.41176470588235,0,171,171
2,172,398.7142857142857,138.0,0,172,172
2,173,402.80555555555554,138.41666666666666,0,173,173
2,174,33.0,139.16666666666666,0,174,174
2,175,458.7142857142857,140.07142857142858,0,175,175
2,176,35.5,142.5,0,176,176
2,177,645.96875,141.5,0,177,177
2,178,379.38461538461536,142.3846153846154,0,178,178
2,179,441.45454545454544,142.1818181818182,0,179,179
2,180,445.66,144.2,0,180,180
2,181,276.7142857142857,145.42857142857142,0,181,181
2,182,233.75,145.625,0,182,182
2,183,225.70731707317074,148.9512195121951,0,183,183
2,184,371.7894736842105,149.3684210526316,0,184,184
2,185,280.05,148.6,0,185,185
2,186,113.0,150.25,0,186,186
2,187,289.2916666666667,151.13888888888889,0,187,187
2,188,117.44444444444444,154.0,0,188,188
2,189,240.4848484848485,154.6969696969697,0,189,189
2,190,102.51666666666667,155.65,0,190,190
2,191,364.14285714285717,155.42857142857142,0,191,191
2,192,232.61904761904762,154.0,0,192,192
2,193,499.77777777777777,157.88888888888889,0,193,193
2,194,113.27173913043478,156.93478260869566,0,194,194
2,195,296.2903225806452,158.5483870967742,0,195,195
2,196,360.5,158.5,0,196,196
2,197,305.3421052631579,160.18421052631578,0,197,197
2,198,371.79411764705884,158.86470588235295,0,198,198
2,199,117.42857142857143,162.28571428571428,0,199,199
2,200,505.2857142857143,163.78571428571428,0,200,200
2,201,105.6,164.4,0,201,201
2,202,603.5454545454545,162.1818181818182,0,202,202
2,203,310.21153846153845,165.8653846153846,0,203,203
2,204,489.70454545454544,165.11363636363637,0,204,204
2,205,498.6,165.375,0,205,205
2,206,494.84615384615387,168.73076923076923,0,206,206
2,207,504.3333333333333,168.88888888888889,0,207,207
2,208,602.5657894736842,168.80263157894737,0,208,208
2,209,317.8139534883721,171.74418604651163,0,209,209
2,210,495.0,171.75,0,210,210
2,211,605.625,175.0,0,211,211
2,212,21.0,177.5,0,212,212
2,213,28.90909090909091,177.36363636363637,0,213,213
2,214,591.5094339622641,181.1509433962264,0,214,214
2,215,27.166666666666668,180.83333333333334,0,215,215
2,216,583.0,182.5,0,216,216
2,217,32.285714285714285,184.0,0,217,217
2,218,24.40740740740741,187.88148148148147,0,218,218
2,219,432.7837837837838,190.3783783783784,0,219,219
2,220,15.11111111111111,191.33333333333334,0,220,220
2,221,423.65,190.75,0,221,221
2,222,545.4571428571429,192.25714285714287,0,222,222
2,223,552.8148148148148,191.59259259259258,0,223,223
2,224,21.0,193.75,0,224,224
2,225,140.375,193.25,0,225,225
2,226,537.1875,193.375,0,226,226
2,227,44.25,194.0,0,227,227
2,228,425.5609756097561,195.73170731707316,0,228,228
2,229,436.5,194.0,0,229,229
2,230,137.05,194.325,0,230,230
2,231,430.27272727272725,195.77272727272728,0,231,231
2,232,19.75,196.25,0,232,232
2,233,32.470588235294116,195.88235294117646,0,233,233
2,234,513.0,195.25,0,234,234
2,235,147.33333333333334,197.53333333333333,0,235,235
2,236,41.3125,195.6875,0,236,236
2,237,551.4,197.9,0,237,237
2,238,425.0,200.0,0,238,238
2,239,545.0,199.17391304347825,0,239,239
2,240,431.95454545454544,200.3181818181818,0,240,240
2,241,512.0697674418604,198.97674418604652,0,241,241
2,242,140.28571428571428,200.38095238095238,0,242,242
2,243,35.9,203.2,0,243,243
2,244,42.77647058823529,202.1529411764706,0,244,244
2,245,640.6923076923077,203.1153846153846,0,245,245
2,246,405.5128205128205,204.3846153846154,0,246,246
2,247,48.166666666666664,204.83333333333334,0,247,247
2,248,507.6511627906977,204.51162790697674,0,248,248
2,249,517.4,205.66666666666666,0,249,249
2,250,535.5405405405405,205.27027027027026,0,250,250
2,251,650.8333333333334,205.0,0,251,251
2,252,520.1666666666666,206.16666666666666,0,252,252
2,253,38.875,209.125,0,253,253
2,254,86.27272727272727,209.0909090909091,0,254,254
2,255,144.35294117647058,208.8235294117647,0,255,255
2,256,414.89285714285717,209.28571428571428,0,256,256
2,257,638.0,210.28571428571428,0,257,257
2,258,654.4166666666666,210.25,0,258,258
2,259,92.36220472440945,210.1259842519685,0,259,259
2,260,101.0,210.76666666666668,0,260,260
2,261,518.8333333333334,210.83333333333334,0,261,261
2,262,511.29411764705884,211.5,0,262,262
2,263,405.2916666666667,212.5,0,263,263
2,264,418.8,212.0,0,264,264
2,265,644.8444444444444,214.17777777777778,0,265,265
2,266,410.17543859649123,215.57894736842104,0,266,266
2,267,506.10526315789474,216.57894736842104,0,267,267
2,268,265.0,216.5,0,268,268
2,269,420.05263157894734,216.26315789473685,0,269,269
2,270,648.92,218.32,0,270,270
2,271,636.0,219.5,0,271,271
2,272,525.8,220.6,0,272,272
2,273,90.75757575757575,222.04545454545453,0,273,273
2,274,105.64285714285714,223.02380952380952,0,274,274
2,275,473.75,222.625,0,275,275
2,276,513.8333333333334,222.83333333333334,0,276,276
2,277,584.0595238095239,225.4404761904762,0,277,277
2,278,542.25,224.625,0,278,278
2,279,513.6875,225.125,0,279,279
2,280,521.5909090909091,225.95454545454547,0,280,280
2,281,559.5277777777778,226.69444444444446,0,281,281
2,282,574.125,226.15625,0,282,282
2,283,262.28205128205127,228.97435897435898,0,283,283
2,284,578.6470588235294,227.52941176470588,0,284,284
2,285,546.76,228.42,0,285,285
2,286,278.75,228.625,0,286,286
2,287,478.375,230.75,0,287,287
2,288,516.5576923076923,229.6346153846154,0,288,288
2,289,534.9090909090909,230.63636363636363,0,289,289
2,290,91.55555555555556,231.64444444444445,0,290,290
2,291,472.86915887850466,230.46728971962617,0,291,291
2,292,278.7230769230769,233.33846153846153,0,292,292
2,293,272.44444444444446,233.66666666666666,0,293,293
2,294,469.8333333333333,236.83333333333334,0,294,294
2,295,519.6595744680851,236.53191489361703,0,295,295
2,296,532.4074074074074,238.07407407407408,0,296,296
2,297,572.48,240.36,0,297,297
2,298,473.9130434782609,241.2608695652174,0,298,298
2,299,580.0,240.5,0,299,299
2,300,280.0,244.0,0,300,300
2,301,284.6666666666667,245.11111111111111,0,301,301
2,302,534.6774193548387,245.74193548387098,0,302,302
2,303,532.030303030303,257.3560606060606,0,303,303
2,304,632.3255813953489,255.06976744186048,0,304,304
2,305,538.0,256.0,0,305,305
2,306,640.4615384615385,255.23076923076923,0,306,306
2,307,125.4074074074074,256.81481481481484,0,307,307
2,308,646.0,258.2857142857143,0,308,308
2,309,634.4444444444445,262.77777777777777,0,309,309
2,310,639.6363636363636,260.6818181818182,0,310,310
2,311,122.875,262.975,0,311,311
2,312,641.0,265.8333333333333,0,312,312
2,313,127.88461538461539,265.15384615384613,0,313,313
2,314,350.5,269.0,0,314,314
2,315,19.724137931034484,272.62068965517244,0,315,315
2,316,115.91304347826087,274.7826086956522,0,316,316
2,317,345.1818181818182,275.1818181818182,0,317,317
2,318,125.1875,275.9375,0,318,318
2,319,507.5,278.5,0,319,319
2,320,526.0240963855422,278.33734939759034,0,320,320
2,321,23.4375,278.75,0,321,321
2,322,514.8659793814433,280.07216494845363,0,322,322
2,323,354.1923076923077,281.61538461538464,0,323,323
2,324,438.7,280.3,0,324,324
2,325,347.8666666666667,283.0,0,325,325
2,326,361.0,282.25,0,326,326
2,327,445.1578947368421,282.8421052631579,0,327,327
2,328,17.304878048780488,284.2926829268293,0,328,328
2,329,439.0,282.8,0,329,329
2,330,22.155555555555555,289.1111111111111,0,330,330
2,331,360.20454545454544,285.77272727272725,0,331,331
2,332,429.57142857142856,288.14285714285717,0,332,332
2,333,439.43636363636364,287.6909090909091,0,333,333
2,334,433.7692307692308,293.0153846153846,0,334,334
2,335,11.548387096774194,294.9032258064516,0,335,335
2,336,70.0,294.36842105263156,0,336,336
2,337,197.26666666666668,292.6666666666667,0,337,337
2,338,84.36666666666666,295.3666666666667,0,338,338
2,339,211.0,294.55555555555554,0,339,339
2,340,593.2692307692307,296.0,0,340,340
2,341,141.16666666666666,298.125,0,341,341
2,342,77.12307692307692,299.89230769230767,0,342,342
2,343,122.77777777777777,299.8888888888889,0,343,343
2,344,587.38,299.38,0,344,344
2,345,133.03125,301.53125,0,345,345
2,346,368.6923076923077,302.0,0,346,346
2,347,83.0,304.34615384615387,0,347,347
2,348,220.91666666666666,302.6458333333333,0,348,348
2,349,464.25,303.0,0,349,349
2,350,88.71428571428571,304.64285714285717,0,350,350
2,351,580.5846153846154,304.5230769230769,0,351,351
2,352,137.11428571428573,304.9428571428571,0,352,352
2,353,466.8095238095238,304.0952380952381,0,353,353
2,354,127.28571428571429,308.5,0,354,354
2,355,204.94444444444446,308.55555555555554,0,355,355
2,356,370.9166666666667,308.8333333333333,0,356,356
2,357,361.8333333333333,308.8333333333333,0,357,357
2,358,471.10526315789474,308.0,0,358,358
2,359,572.875,308.9583333333333,0,359,359
2,360,659.8518518518518,309.2962962962963,0,360,360
2,361,674.9545454545455,309.72727272727275,0,361,361
2,362,214.27586206896552,310.58620689655174,0,362,362
2,363,461.25,310.0,0,363,363
2,364,465.43548387096774,311.98387096774195,0,364,364
2,365,566.6363636363636,312.6363636363636,0,365,365
2,366,669.2333333333333,312.76666666666665,0,366,366
2,367,366.11764705882354,315.3921568627451,0,367,367
2,368,375.0,315.3076923076923,0,368,368
2,369,670.0,317.2,0,369,369
2,370,662.0333333333333,318.6666666666667,0,370,370
2,371,462.86486486486484,321.4864864864865,0,371,371
2,372,673.8620689655172,319.44827586206895,0,372,372
2,373,681.7052631578947,320.1578947368421,0,373,373
2,374,663.8611111111111,324.3888888888889,0,374,374
2,375,374.0,326.25,0,375,375
2,376,681.2727272727273,328.42424242424244,0,376,376
2,377,373.9714285714286,329.57142857142856,0,377,377
2,378,296.26666666666665,336.93333333333334,0,378,378
2,379,285.2307692307692,338.12820512820514,0,379,379
2,380,293.56,341.86,0,380,380
2,381,279.86,342.96,0,381,381
2,382,302.24590163934425,345.44262295081967,0,382,382
2,383,288.4782608695652,346.95652173913044,0,383,383
2,384,186.74172185430464,355.3112582781457,0,384,384
2,385,197.625,354.25,0,385,385
2,386,201.4047619047619,353.9047619047619,0,386,386
2,387,194.1818181818182,357.0,0,387,387
2,388,174.38095238095238,360.42857142857144,0,388,388
2,389,185.75,363.375,0,389,389
2,390,341.5,377.5,0,390,390
2,391,349.0,379.55555555555554,0,391,391
2,392,628.4761904761905,379.57142857142856,0,392,392
2,393,350.0,383.0625,0,393,393
2,394,629.8076923076923,383.7692307692308,0,394,394
2,395,342.85714285714283,384.92857142857144,0,395,395
2,396,358.6057692307692,387.8269230769231,0,396,396
2,397,363.44444444444446,387.0,0,397,397
2,398,631.74,389.4,0,398,398
2,399,638.7894736842105,390.05263157894734,0,399,399
2,400,618.0,392.2,0,400,400
2,401,635.2857142857143,391.0,0,401,401
2,402,641.3333333333334,391.3333333333333,0,402,402
2,403,110.28571428571429,393.42857142857144,0,403,403
2,404,102.25,393.625,0,404,404
2,405,103.91525423728814,396.52542372881356,0,405,405
2,406,98.25,397.0,0,406,406
2,407,619.1666666666666,398.0,0,407,407
2,408,635.8787878787879,399.3939393939394,0,408,408
2,409,640.8333333333334,402.55555555555554,0,409,409
2,410,116.52941176470588,404.05882352941177,0,410,410
2,411,111.77272727272727,404.6363636363636,0,411,411
2,412,642.1428571428571,405.2857142857143,0,412,412
2,413,634.6923076923077,407.0,0,413,413
2,414,96.09433962264151,409.1509433962264,0,414,414
2,415,116.9090909090909,410.3636363636364,0,415,415
2,416,107.81481481481481,412.18518518518516,0,416,416
2,417,105.66666666666667,415.6666666666667,0,417,417
2,418,627.25,464.75,0,418,418
2,419,650.0,465.5,0,419,419
2,420,650.125,469.8125,0,420,420
2,421,639.6304347826087,471.3695652173913,0,421,421
2,422,632.0,474.0,0,422,422
2,423,514.3333333333334,474.46666666666664,0,423,423
2,424,152.4,476.2,0,424,424
2,425,213.86363636363637,477.3636363636364,0,425,425
2,426,503.4,477.4,0,426,426
2,427,644.1896551724138,478.01724137931035,0,427,427
2,428,220.42857142857142,478.7142857142857,0,428,428
2,429,653.6,479.4,0,429,429
2,430,91.4186046511628,481.25581395348837,0,430,430
2,431,220.04545454545453,481.1515151515151,0,431,431
2,432,152.875,482.3333333333333,0,432,432
2,433,508.77142857142854,483.2857142857143,0,433,433
2,434,218.0,484.44444444444446,0,434,434
2,435,632.5555555555555,482.22222222222223,0,435,435
2,436,630.9565217391304,485.60869565217394,0,436,436
2,437,238.875,485.6666666666667,0,437,437
2,438,510.3125,487.5625,0,438,438
2,439,157.36363636363637,488.54545454545456,0,439,439
2,440,502.7857142857143,488.5,0,440,440
2,441,83.96491228070175,491.35087719298247,0,441,441
2,442,150.5,492.0,0,442,442
2,443,242.0,493.3720930232558,0,443,443
2,444,245.44444444444446,494.0,0,444,444
2,445,155.25,496.25,0,445,445
2,446,505.54901960784315,498.4313725490196,0,446,446
2,447,77.76190476190476,499.7142857142857,0,447,447
2,448,239.46938775510205,499.2857142857143,0,448,448
2,449,155.94594594594594,502.2162162162162,0,449,449
2,450,147.875,505.125,0,450,450
2,451,83.0,504.48837209302326,0,451,451
2,452,502.90909090909093,511.90909090909093,0,452,452
3,1,23.142857142857142,17.0,0,1,1
3,2,200.9375,20.125,0,2,2
3,3,18.5,22.0,0,3,3
3,4,16.333333333333332,23.5,0,4,4
3,5,23.5,24.307692307692307,0,5,5
3,6,467.63157894736844,28.63157894736842,0,6,6
3,7,203.28571428571428,30.142857142857142,0,7,7
3,8,209.2,33.08,0,8,8
3,9,472.73333333333335,33.8,0,9,9
3,10,465.25,33.625,0,10,10
3,11,464.1,35.3,0,11,11
3,12,464.0232558139535,39.30232558139535,0,12,12
3,13,476.1904761904762,37.714285714285715,0,13,13
3,14,453.5,41.5,0,14,14
3,15,470.0,44.0,0,15,15
3,16,210.0,43.55555555555556,0,16,16
3,17,462.4782608695652,45.869565217391305,0,17,17
3,18,210.84722222222223,46.666666666666664,0,18,18
3,19,465.0,48.5,0,19,19
3,20,120.5,56.5,0,20,20
3,21,132.5625,55.375,0,21,21
3,22,114.46666666666667,58.53333333333333,0,22,22
3,23,127.5,57.5,0,23,23
3,24,561.1666666666666,59.0,0,24,24
3,25,509.42105263157896,61.31578947368421,0,25,25
3,26,551.1034482758621,61.689655172413794,0,26,26
3,27,120.64634146341463,64.0609756097561,0,27,27
3,28,124.83333333333333,67.16666666666667,0,28,28
3,29,496.0,67.5,0,29,29
3,30,506.02941176470586,66.5,0,30,30
3,31,555.8604651162791,67.46511627906976,0,31,31
3,32,549.7142857142857,68.35714285714286,0,32,32
3,33,27.2,71.0,0,33,33
3,34,488.2173913043478,71.30434782608695,0,34,34
3,35,36.65,72.3,0,35,35
3,36,494.07142857142856,72.60714285714286,0,36,36
3,37,500.09090909090907,72.9090909090909,0,37,37
3,38,545.5238095238095,71.23809523809524,0,38,38
3,39,46.95,73.75,0,39,39
3,40,495.0,75.75,0,40,40
3,41,42.27272727272727,75.93939393939394,0,41,41
3,42,483.77777777777777,76.22222222222223,0,42,42
3,43,23.97826086956522,78.34782608695652,0,43,43
3,44,33.666666666666664,80.04761904761905,0,44,44
3,45,42.625,81.5625,0,45,45
3,46,583.3846153846154,93.38461538461539,0,46,46
3,47,557.0909090909091,94.0909090909091,0,47,47
3,48,564.0,95.25,0,48,48
3,49,570.8181818181819,95.45454545454545,0,49,49
3,50,565.2950819672132,97.75409836065573,0,50,50
3,51,576.625,97.1875,0,51,51
3,52,297.0,97.64285714285714,0,52,52
3,53,302.46268656716416,98.31343283582089,0,53,53
3,54,131.72222222222223,100.88888888888889,0,54,54
3,55,288.74418604651163,102.30232558139535,0,55,55
3,56,298.6923076923077,102.53846153846153,0,56,56
3,57,571.8787878787879,104.24242424242425,0,57,57
3,58,580.6153846153846,101.61538461538461,0,58,58
3,59,332.2,102.24444444444444,0,59,59
3,60,558.0,102.75,0,60,60
3,61,126.1304347826087,104.21739130434783,0,61,61
3,62,310.75,103.625,0,62,62
3,63,316.58620689655174,104.27586206896552,0,63,63
3,64,257.25,104.275,0,64,64
3,65,294.6363636363636,105.18181818181819,0,65,65
3,66,307.6,105.4,0,66,66
3,67,275.64285714285717,105.76190476190476,0,67,67
3,68,324.0,106.15384615384616,0,68,68
3,69,563.48,104.8,0,69,69
3,70,130.25,108.20833333333333,0,70,70
3,71,135.125,110.84375,0,71,71
3,72,287.90909090909093,112.0909090909091,0,72,72
3,73,327.5,111.0,0,73,73
3,74,126.74468085106383,115.76595744680851,0,74,74
3,75,116.27586206896552,117.41379310344827,0,75,75
3,76,119.63157894736842,123.78947368421052,0,76,76
3,77,111.0,127.5,0,77,77
3,78,248.24444444444444,136.4,0,78,78
3,79,238.2906976744186,137.9418604651163,0,79,79
3,80,261.8305084745763,143.91525423728814,0,80,80
3,81,266.5263157894737,144.3684210526316,0,81,81
3,82,249.26530612244898,145.57142857142858,0,82,82
3,83,255.75,146.4375,0,83,83
3,84,167.88888888888889,160.1851851851852,0,84,84
3,85,167.44736842105263,166.39473684210526,0,85,85
3,86,177.5121951219512,166.34146341463415,0,86,86
3,87,193.625,169.75,0,87,87
3,88,174.25,171.95,0,88,88
3,89,187.44444444444446,174.0,0,89,89
3,90,184.3913043478261,176.8840579710145,0,90,90
3,91,250.0909090909091,177.63636363636363,0,91,91
3,92,255.8,184.1,0,92,92
3,93,248.5,184.85714285714286,0,93,93
3,94,267.4347826086956,187.91304347826087,0,94,94
3,95,273.65384615384613,193.6153846153846,0,95,95
3,96,264.64285714285717,193.83333333333334,0,96,96
3,97,273.0,195.75,0,97,97
3,98,269.75,199.41666666666666,0,98,98
3,99,337.7142857142857,217.5,0,99,99
3,100,334.80555555555554,226.63888888888889,0,100,100
3,101,336.1666666666667,229.83333333333334,0,101,101
3,102,343.6181818181818,230.56363636363636,0,102,102
3,103,336.75,231.25,0,103,103
3,104,338.2083333333333,233.66666666666666,0,104,104
3,105,387.8888888888889,232.5185185185185,0,105,105
3,106,346.7931034482759,236.55172413793105,0,106,106
3,107,384.05,235.75,0,107,107
3,108,349.1666666666667,236.83333333333334,0,108,108
3,109,212.58620689655172,238.27586206896552,0,109,109
3,110,382.42857142857144,238.28571428571428,0,110,110
3,111,193.11111111111111,238.33333333333334,0,111,111
3,112,20.185185185185187,242.59259259259258,0,112,112
3,113,202.8,241.12,0,113,113
3,114,22.384615384615383,246.15384615384616,0,114,114
3,115,235.83333333333334,246.0,0,115,115
3,116,390.75,244.625,0,116,116
3,117,30.734375,247.34375,0,117,117
3,118,185.54166666666666,247.08333333333334,0,118,118
3,119,197.44444444444446,248.0,0,119,119
3,120,353.61538461538464,249.8846153846154,0,120,120
3,121,28.25,250.375,0,121,121
3,122,40.588235294117645,249.11764705882354,0,122,122
3,123,180.5483870967742,249.0483870967742,0,123,123
3,124,192.64646464646464,246.17171717171718,0,124,124
3,125,221.0,248.25,0,125,125
3,126,400.48275862068965,248.55172413793105,0,126,126
3,127,21.0,250.5,0,127,127
3,128,393.3258426966292,250.1123595505618,0,128,128
3,129,357.1666666666667,251.83333333333334,0,129,129
3,130,391.52941176470586,254.35294117647058,0,130,130
3,131,47.46153846153846,253.46153846153845,0,131,131
3,132,211.3684210526316,253.73684210526315,0,132,132
3,133,29.0,252.71428571428572,0,133,133
3,134,202.56521739130434,250.96521739130435,0,134,134
3,135,234.32142857142858,253.57142857142858,0,135,135
3,136,41.806451612903224,256.96774193548384,0,136,136
3,137,191.5,257.05357142857144,0,137,137
3,138,220.40860215053763,253.65591397849462,0,138,138
3,139,24.25,260.0,0,139,139
3,140,28.641509433962263,261.2358490566038,0,140,140
3,141,19.0,264.5,0,141,141
3,142,38.353846153846156,265.89230769230767,0,142,142
3,143,34.25,270.0,0,143,143
3,144,300.02941176470586,270.2647058823529,0,144,144
3,145,27.864864864864863,270.8378378378378,0,145,145
3,146,28.0,274.2857142857143,0,146,146
3,147,39.37931034482759,275.2068965517241,0,147,147
3,148,287.38461538461536,281.38461538461536,0,148,148
3,149,296.0,283.6111111111111,0,149,149
3,150,280.95454545454544,289.3181818181818,0,150,150
3,151,291.1363636363636,291.09090909090907,0,151,151
3,152,292.25,294.375,0,152,152
3,153,284.39473684210526,297.6578947368421,0,153,153
3,154,579.1016949152543,334.5762711864407,0,154,154
3,155,338.5,336.0,0,155,155
3,156,583.8888888888889,337.55555555555554,0,156,156
3,157,587.2857142857143,337.0,0,157,157
3,158,573.0,338.17857142857144,0,158,158
3,159,583.75,341.375,0,159,159
3,160,330.0,342.0,0,160,160
3,161,338.55555555555554,343.77777777777777,0,161,161
3,162,183.30434782608697,342.7826086956522,0,162,162
3,163,580.8636363636364,344.54545454545456,0,163,163
3,164,192.5,346.6111111111111,0,164,164
3,165,331.6041666666667,345.7083333333333,0,165,165
3,166,571.5,347.2,0,166,166
3,167,179.54285714285714,347.2,0,167,167
3,168,165.41509433962264,348.60377358490564,0,168,168
3,169,329.8333333333333,349.8333333333333,0,169,169
3,170,327.7857142857143,351.2142857142857,0,170,170
3,171,89.46428571428571,352.57142857142856,0,171,171
3,172,169.375,352.5,0,172,172
3,173,185.86111111111111,351.6111111111111,0,173,173
3,174,99.0,352.5,0,174,174
3,175,170.46153846153845,354.53846153846155,0,175,175
3,176,324.6521739130435,353.5217391304348,0,176,176
3,177,162.56,354.2,0,177,177
3,178,97.125,358.0,0,178,178
3,179,325.64,357.84,0,179,179
3,180,92.05714285714286,359.2,0,180,180
3,181,102.64285714285714,360.35714285714283,0,181,181
3,182,322.67088607594934,364.39240506329116,0,182,182
3,183,104.28571428571429,364.62857142857143,0,183,183
3,184,630.4880952380952,366.1904761904762,0,184,184
3,185,107.3,369.43333333333334,0,185,185
3,186,314.7241379310345,370.3448275862069,0,186,186
3,187,324.64285714285717,371.2142857142857,0,187,187
3,188,618.375,371.0,0,188,188
3,189,635.5384615384615,372.7307692307692,0,189,189
3,190,106.0,376.5,0,190,190
3,191,321.9230769230769,376.7307692307692,0,191,191
3,192,362.3333333333333,377.6111111111111,0,192,192
3,193,633.7826086956521,377.8695652173913,0,193,193
3,194,641.5,376.6923076923077,0,194,194
3,195,562.4736842105264,379.1578947368421,0,195,195
3,196,625.6,380.6,0,196,196
3,197,557.6666666666666,381.1666666666667,0,197,197
3,198,641.125,382.6666666666667,0,198,198
3,199,442.8,384.6666666666667,0,199,199
3,200,556.7727272727273,386.22727272727275,0,200,200
3,201,570.9285714285714,386.3095238095238,0,201,201
3,202,634.1891891891892,385.5135135135135,0,202,202
3,203,238.5897435897436,388.6666666666667,0,203,203
3,204,350.69662921348316,389.30337078651684,0,204,204
3,205,637.1666666666666,389.27777777777777,0,205,205
3,206,231.5,391.1875,0,206,206
3,207,449.0,390.0,0,207,207
3,208,422.5,390.8333333333333,0,208,208
3,209,428.375,392.0357142857143,0,209,209
3,210,450.82758620689657,391.8965517241379,0,210,210
3,211,360.5263157894737,394.4736842105263,0,211,211
3,212,422.6923076923077,393.0,0,212,212
3,213,565.3650793650794,393.14285714285717,0,213,213
3,214,218.4857142857143,394.1714285714286,0,214,214
3,215,571.1666666666666,394.1666666666667,0,215,215
3,216,445.0,394.7906976744186,0,216,216
3,217,204.9090909090909,397.3636363636364,0,217,217
3,218,223.7826086956522,399.0,0,218,218
3,219,62.31666666666667,402.3333333333333,0,219,219
3,220,212.94117647058823,401.15686274509807,0,220,220
3,221,345.38775510204084,401.55102040816325,0,221,221
3,222,440.2857142857143,401.0,0,222,222
3,223,436.3414634146341,401.9756097560976,0,223,223
3,224,220.26315789473685,404.1578947368421,0,224,224
3,225,70.66666666666667,403.93333333333334,0,225,225
3,226,333.7142857142857,408.0,0,226,226
3,227,338.8,408.0888888888889,0,227,227
3,228,344.625,407.0,0,228,228
3,229,75.38666666666667,408.97333333333336,0,229,229
3,230,680.1607142857143,413.35714285714283,0,230,230
3,231,686.2142857142857,411.35714285714283,0,231,231
3,232,676.125,413.0,0,232,232
3,233,684.3333333333334,413.3333333333333,0,233,233
3,234,78.84615384615384,416.1794871794872,0,234,234
3,235,674.0,414.47058823529414,0,235,235
3,236,70.57575757575758,416.7878787878788,0,236,236
3,237,604.0769230769231,415.84615384615387,0,237,237
3,238,79.7,420.7,0,238,238
3,239,616.9285714285714,418.92857142857144,0,239,239
3,240,623.3571428571429,418.14285714285717,0,240,240
3,241,678.8,419.76,0,241,241
3,242,604.6875,420.625,0,242,242
3,243,684.5,423.5,0,243,243
3,244,247.13888888888889,425.05555555555554,0,244,244
3,245,258.05555555555554,425.5,0,245,245
3,246,618.6666666666666,428.125,0,246,246
3,247,256.5263157894737,429.2105263157895,0,247,247
3,248,242.69230769230768,431.9230769230769,0,248,248
3,249,611.5555555555555,430.08641975308643,0,249,249
3,250,244.0,434.0,0,250,250
3,251,238.125,435.125,0,251,251
3,252,252.375,436.25,0,252,252
3,253,248.32692307692307,436.34615384615387,0,253,253
3,254,256.6333333333333,437.3666666666667,0,254,254
3,255,474.6666666666667,437.6666666666667,0,255,255
3,256,488.4583333333333,437.75,0,256,256
3,257,244.8421052631579,440.2631578947368,0,257,257
3,258,476.7142857142857,442.42857142857144,0,258,258
3,259,246.9090909090909,444.90909090909093,0,259,259
3,260,481.5321100917431,443.3761467889908,0,260,260
3,261,486.3333333333333,448.6666666666667,0,261,261
3,262,205.8181818181818,448.8181818181818,0,262,262
3,263,188.71428571428572,452.85714285714283,0,263,263
3,264,341.24,453.12,0,264,264
3,265,478.5,452.5,0,265,265
3,266,191.7,454.45,0,266,266
3,267,200.15178571428572,457.1607142857143,0,267,267
3,268,186.63636363636363,458.90909090909093,0,268,268
3,269,394.85714285714283,459.2857142857143,0,269,269
3,270,191.25,460.0,0,270,270
3,271,201.25,461.375,0,271,271
3,272,349.0,464.9166666666667,0,272,272
3,273,355.5090909090909,460.94545454545454,0,273,273
3,274,568.0909090909091,460.90909090909093,0,274,274
3,275,360.1666666666667,462.8333333333333,0,275,275
3,276,396.92857142857144,465.45238095238096,0,276,276
3,277,640.1666666666666,464.8333333333333,0,277,277
3,278,538.0,468.25,0,278,278
3,279,573.2857142857143,468.42857142857144,0,279,279
3,280,569.9142857142857,467.87142857142857,0,280,280
3,281,350.4,471.7,0,281,281
3,282,359.05555555555554,469.8888888888889,0,282,282
3,283,643.75,470.0,0,283,283
3,284,356.35714285714283,472.2142857142857,0,284,284
3,285,394.36538461538464,473.4230769230769,0,285,285
3,286,631.6666666666666,472.04761904761904,0,286,286
3,287,640.9024390243902,469.780487804878,0,287,287
3,288,388.5,474.0,0,288,288
3,289,297.8076923076923,475.46153846153845,0,289,289
3,290,630.5555555555555,476.8888888888889,0,290,290
3,291,649.9375,475.5625,0,291,291
3,292,133.5,477.5,0,292,292
3,293,382.22222222222223,476.5,0,293,293
3,294,638.7068965517242,477.5344827586207,0,294,294
3,295,393.7647058823529,479.1764705882353,0,295,295
3,296,499.53846153846155,479.15384615384613,0,296,296
3,297,574.622641509434,478.52830188679246,0,297,297
3,298,534.5806451612904,480.5483870967742,0,298,298
3,299,291.2,481.4,0,299,299
3,300,285.8333333333333,482.1666666666667,0,300,300
3,301,300.6857142857143,483.0857142857143,0,301,301
3,302,387.64,484.4,0,302,302
3,303,140.625,483.75,0,303,303
3,304,144.8181818181818,484.4318181818182,0,304,304
3,305,497.16438356164383,485.83561643835617,0,305,305
3,306,284.7142857142857,486.0,0,306,306
3,307,294.375,485.75,0,307,307
3,308,144.375,488.25,0,308,308
3,309,289.5507246376812,486.4492753623188,0,309,309
3,310,163.0,487.25,0,310,310
3,311,490.8,488.0,0,311,311
3,312,142.16,490.0,0,312,312
3,313,440.6849315068493,489.32876712328766,0,313,313
3,314,501.75,489.7916666666667,0,314,314
3,315,573.2222222222222,489.5,0,315,315
3,316,665.3684210526316,488.05263157894734,0,316,316
3,317,135.57894736842104,490.0263157894737,0,317,317
3,318,158.1917808219178,489.5890410958904,0,318,318
3,319,579.58,490.24,0,319,319
3,320,289.3,492.7,0,320,320
3,321,437.6666666666667,492.55555555555554,0,321,321
3,322,533.0967741935484,491.80645161290323,0,322,322
3,323,433.25,493.0,0,323,323
3,324,450.5,493.5,0,324,324
3,325,657.5,495.3333333333333,0,325,325
3,326,667.1666666666666,494.1666666666667,0,326,326
3,327,576.8421052631579,495.57894736842104,0,327,327
3,328,671.0,495.5,0,328,328
3,329,677.5,496.0,0,329,329
3,330,537.1739130434783,496.5869565217391,0,330,330
3,331,438.4,498.74285714285713,0,331,331
3,332,661.7037037037037,498.0740740740741,0,332,332
3,333,447.96153846153845,499.3269230769231,0,333,333
3,334,457.53333333333336,499.6333333333333,0,334,334
3,335,581.7272727272727,497.90909090909093,0,335,335
3,336,534.2941176470588,500.52941176470586,0,336,336
3,337,669.625,500.75,0,337,337
3,338,538.5,505.5,0,338,338
3,339,666.7,505.8,0,339,339
3,340,449.72727272727275,508.8181818181818,0,340,340
4,1,292.1666666666667,13.166666666666666,0,1,1
4,2,497.5,18.5,0,2,2
4,3,294.90909090909093,25.363636363636363,0,3,3
4,4,486.6666666666667,26.875,0,4,4
4,5,494.8666666666667,26.533333333333335,0,5,5
4,6,512.5,36.5,0,6,6
4,7,423.36,38.76,0,7,7
4,8,515.4,43.37777777777778,0,8,8
4,9,295.0,44.0,0,9,9
4,10,509.4516129032258,47.225806451612904,0,10,10
4,11,424.38461538461536,46.46153846153846,0,11,11
4,12,299.421875,51.5,0,12,12
4,13,411.25,51.666666666666664,0,13,13
4,14,416.7586206896552,53.206896551724135,0,14,14
4,15,504.1333333333333,52.0,0,15,15
4,16,437.1666666666667,53.166666666666664,0,16,16
4,17,515.6521739130435,53.91304347826087,0,17,17
4,18,307.8,55.0,0,18,18
4,19,388.7857142857143,55.642857142857146,0,19,19
4,20,433.8333333333333,56.041666666666664,0,20,20
4,21,656.5,57.5,0,21,21
4,22,415.3636363636364,59.18181818181818,0,22,22
4,23,499.6363636363636,58.90909090909091,0,23,23
4,24,506.0357142857143,59.160714285714285,0,24,24
4,25,652.25,59.375,0,25,25
4,26,514.1111111111111,60.05555555555556,0,26,26
4,27,429.7391304347826,61.73913043478261,0,27,27
4,28,441.96153846153845,64.0,0,28,28
4,29,424.11764705882354,65.58823529411765,0,29,29
4,30,396.2,66.6,0,30,30
4,31,439.1818181818182,66.54545454545455,0,31,31
4,32,508.875,66.29166666666667,0,32,32
4,33,382.1666666666667,66.66666666666667,0,33,33
4,34,435.5217391304348,67.65217391304348,0,34,34
4,35,492.25,67.0,0,35,35
4,36,649.8444444444444,66.62222222222222,0,36,36
4,37,393.5,68.0,0,37,37
4,38,494.76,66.68,0,38,38
4,39,387.5735294117647,69.52941176470588,0,39,39
4,40,488.8888888888889,72.66666666666667,0,40,40
4,41,389.8333333333333,75.16666666666667,0,41,41
4,42,498.125,75.125,0,42,42
4,43,642.8571428571429,75.80952380952381,0,43,43
4,44,410.5,77.5,0,44,44
4,45,407.1,78.6,0,45,45
4,46,420.45454545454544,78.81818181818181,0,46,46
4,47,401.0,80.0,0,47,47
4,48,497.4651162790698,80.09302325581395,0,48,48
4,49,345.6,86.06666666666666,0,49,49
4,50,405.11764705882354,88.41176470588235,0,50,50
4,51,412.0,89.01639344262296,0,51,51
4,52,354.0,92.0,0,52,52
4,53,472.1666666666667,96.16666666666667,0,53,53
4,54,345.72049689440996,96.01863354037268,0,54,54
4,55,350.8333333333333,101.16666666666667,0,55,55
4,56,483.4594594594595,100.37837837837837,0,56,56
4,57,476.06451612903226,102.19354838709677,0,57,57
4,58,346.3181818181818,104.68181818181819,0,58,58
4,59,468.2654867256637,101.76991150442478,0,59,59
4,60,623.0,104.0,0,60,60
4,61,486.4166666666667,105.0,0,61,61
4,62,257.3636363636364,106.45454545454545,0,62,62
4,63,342.0,105.75,0,63,63
4,64,603.8888888888889,106.66666666666667,0,64,64
4,65,255.8,108.6,0,65,65
4,66,622.7037037037037,109.33333333333333,0,66,66
4,67,475.8,109.6,0,67,67
4,68,614.1875,109.625,0,68,68
4,69,265.0,111.0,0,69,69
4,70,257.05128205128204,116.11538461538461,0,70,70
4,71,618.1052631578947,114.84210526315789,0,71,71
4,72,263.84,116.92,0,72,72
4,73,568.438596491228,117.91228070175438,0,73,73
4,74,616.2093023255813,120.06976744186046,0,74,74
4,75,257.53125,124.65625,0,75,75
4,76,610.0,125.0,0,76,76
4,77,557.8,127.4,0,77,77
4,78,256.11764705882354,129.58823529411765,0,78,78
4,79,579.75,131.0,0,79,79
4,80,557.7142857142857,131.0,0,80,80
4,81,565.7080291970802,134.14598540145985,0,81,81
4,82,576.2058823529412,131.97058823529412,0,82,82
4,83,211.69230769230768,135.0,0,83,83
4,84,571.9090909090909,139.9090909090909,0,84,84
4,85,390.4516129032258,143.38709677419354,0,85,85
4,86,385.46938775510205,145.81632653061226,0,86,86
4,87,16.9,146.93333333333334,0,87,87
4,88,396.3855421686747,147.24096385542168,0,88,88
4,89,211.21428571428572,147.35714285714286,0,89,89
4,90,207.78378378378378,153.21621621621622,0,90,90
4,91,501.96774193548384,151.25806451612902,0,91,91
4,92,670.5,151.83333333333334,0,92,92
4,93,23.205882352941178,154.47058823529412,0,93,93
4,94,211.44444444444446,155.0,0,94,94
4,95,505.1111111111111,155.4814814814815,0,95,95
4,96,668.0196078431372,156.15686274509804,0,96,96
4,97,230.83333333333334,156.83333333333334,0,97,97
4,98,665.0,158.75,0,98,98
4,99,32.12903225806452,160.06451612903226,0,99,99
4,100,204.7840909090909,163.0681818181818,0,100,100
4,101,507.48148148148147,159.74074074074073,0,101,101
4,102,25.59259259259259,160.25925925925927,0,102,102
4,103,199.25,161.0,0,103,103
4,104,671.625,161.0,0,104,104
4,105,230.2159090909091,164.54545454545453,0,105,105
4,106,511.45454545454544,163.92727272727274,0,106,106
4,107,234.16666666666666,163.83333333333334,0,107,107
4,108,226.25,165.0,0,108,108
4,109,627.0,164.25,0,109,109
4,110,30.428571428571427,167.64285714285714,0,110,110
4,111,34.78787878787879,167.03030303030303,0,111,111
4,112,42.55555555555556,167.36111111111111,0,112,112
4,113,505.9032258064516,168.74193548387098,0,113,113
4,114,669.3055555555555,167.58333333333334,0,114,114
4,115,678.3867924528302,163.3490566037736,0,115,115
4,116,227.5,169.5,0,116,116
4,117,304.40625,168.96875,0,117,117
4,118,206.55555555555554,171.11111111111111,0,118,118
4,119,449.0,170.5,0,119,119
4,120,513.40625,171.0625,0,120,120
4,121,617.4444444444445,170.16666666666666,0,121,121
4,122,666.375,171.95,0,122,122
4,123,619.8125,172.3125,0,123,123
4,124,626.65,170.71,0,124,124
4,125,677.8958333333334,174.39583333333334,0,125,125
4,126,231.36363636363637,173.9090909090909,0,126,126
4,127,307.92105263157896,173.92105263157896,0,127,127
4,128,224.52173913043478,174.8695652173913,0,128,128
4,129,204.83333333333334,178.08333333333334,0,129,129
4,130,310.45652173913044,179.82608695652175,0,130,130
4,131,632.0384615384615,179.1153846153846,0,131,131
4,132,234.2,181.2,0,132,132
4,133,226.2608695652174,182.2173913043478,0,133,133
4,134,673.2,181.8,0,134,134
4,135,447.3728813559322,182.47457627118644,0,135,135
4,136,623.8571428571429,183.92857142857142,0,136,136
4,137,316.0,183.4,0,137,137
4,138,670.8,184.0,0,138,138
4,139,439.16,186.36,0,139,139
4,140,311.0,188.2,0,140,140
4,141,268.1551724137931,189.6206896551724,0,141,141
4,142,315.6744186046512,188.34883720930233,0,142,142
4,143,339.3529411764706,191.41176470588235,0,143,143
4,144,446.2,190.8,0,144,144
4,145,266.6666666666667,194.55555555555554,0,145,145
4,146,341.6666666666667,194.75,0,146,146
4,147,259.8888888888889,196.4814814814815,0,147,147
4,148,319.875,195.33333333333334,0,148,148
4,149,332.8421052631579,196.26315789473685,0,149,149
4,150,268.3478260869565,197.56521739130434,0,150,150
4,151,443.8205128205128,195.17948717948718,0,151,151
4,152,337.3333333333333,199.33333333333334,0,152,152
4,153,440.2631578947368,200.89473684210526,0,153,153
4,154,342.6666666666667,201.11111111111111,0,154,154
4,155,253.21428571428572,202.85714285714286,0,155,155
4,156,340.75,204.83333333333334,0,156,156
4,157,435.72727272727275,203.5909090909091,0,157,157
4,158,258.14814814814815,203.5185185185185,0,158,158
4,159,559.0,204.25,0,159,159
4,160,433.6666666666667,206.33333333333334,0,160,160
4,161,475.42857142857144,205.61904761904762,0,161,161
4,162,560.75,207.0,0,162,162
4,163,568.2666666666667,207.2,0,163,163
4,164,574.9,210.60833333333332,0,164,164
4,165,348.09090909090907,210.0909090909091,0,165,165
4,166,556.0,209.36507936507937,0,166,166
4,167,563.175,212.775,0,167,167
4,168,404.73333333333335,220.06666666666666,0,168,168
4,169,474.6818181818182,222.34848484848484,0,169,169
4,170,396.89285714285717,226.14285714285714,0,170,170
4,171,470.625,226.375,0,171,171
4,172,477.3,227.5,0,172,172
4,173,478.27777777777777,230.05555555555554,0,173,173
4,174,400.6,230.525,0,174,174
4,175,478.2307692307692,233.23076923076923,0,175,175
4,176,476.30555555555554,237.38888888888889,0,176,176
4,177,394.280701754386,238.10526315789474,0,177,177
4,178,399.7,238.7,0,178,178
4,179,396.73333333333335,248.66666666666666,0,179,179
4,180,322.2,256.6,0,180,180
4,181,306.2835820895522,265.5970149253731,0,181,181
4,182,325.13461538461536,267.9423076923077,0,182,182
4,183,302.875,271.125,0,183,183
4,184,319.0983606557377,274.2950819672131,0,184,184
4,185,327.7560975609756,280.0,0,185,185
4,186,307.975,280.975,0,186,186
4,187,319.2,283.4,0,187,187
4,188,511.08,303.44,0,188,188
4,189,524.1645569620254,300.6835443037975,0,189,189
4,190,530.75,306.0,0,190,190
4,191,597.3846153846154,305.61538461538464,0,191,191
4,192,529.0526315789474,306.4736842105263,0,192,192
4,193,524.5454545454545,307.1818181818182,0,193,193
4,194,525.2444444444444,311.1111111111111,0,194,194
4,195,597.5757575757576,310.7878787878788,0,195,195
4,196,516.1162790697674,315.1162790697674,0,196,196
4,197,590.7142857142857,319.57142857142856,0,197,197
4,198,524.5277777777778,321.30555555555554,0,198,198
4,199,594.109375,320.421875,0,199,199
4,200,602.5,322.5,0,200,200
4,201,589.5238095238095,325.95238095238096,0,201,201
4,202,512.4285714285714,325.85714285714283,0,202,202
4,203,589.448275862069,331.41379310344826,0,203,203
4,204,412.3235294117647,335.5882352941176,0,204,204
4,205,423.484375,335.78125,0,205,205
4,206,406.19444444444446,339.05555555555554,0,206,206
4,207,422.05263157894734,341.63157894736844,0,207,207
4,208,544.1666666666666,340.8333333333333,0,208,208
4,209,537.7282608695652,343.1521739130435,0,209,209
4,210,418.2686567164179,347.34328358208955,0,210,210
4,211,524.8787878787879,349.0,0,211,211
4,212,529.44,348.24,0,212,212
4,213,545.0434782608696,350.0869565217391,0,213,213
4,214,525.8958333333334,357.8333333333333,0,214,214
4,215,603.3636363636364,358.93939393939394,0,215,215
4,216,519.8333333333334,360.3666666666667,0,216,216
4,217,515.6315789473684,362.2631578947368,0,217,217
4,218,333.3333333333333,365.6666666666667,0,218,218
4,219,606.4545454545455,365.1818181818182,0,219,219
4,220,595.483870967742,364.7741935483871,0,220,220
4,221,590.4,370.475,0,221,221
4,222,667.6470588235294,373.0,0,222,222
4,223,338.125,374.1666666666667,0,223,223
4,224,576.4347826086956,373.9130434782609,0,224,224
4,225,585.0370370370371,373.77777777777777,0,225,225
4,226,676.35,374.95,0,226,226
4,227,674.5,376.7,0,227,227
4,228,670.6730769230769,378.5769230769231,0,228,228
4,229,335.0,377.7142857142857,0,229,229
4,230,343.3333333333333,379.0833333333333,0,230,230
4,231,335.0886075949367,383.1898734177215,0,231,231
4,232,331.0,385.75,0,232,232
4,233,673.027027027027,385.8918918918919,0,233,233
4,234,669.5,387.0,0,234,234
4,235,344.0,389.0,0,235,235
4,236,663.2558139534884,389.72093023255815,0,236,236
4,237,58.888888888888886,391.05555555555554,0,237,237
4,238,337.1904761904762,390.85714285714283,0,238,238
4,239,75.0,391.5,0,239,239
4,240,655.9473684210526,391.8421052631579,0,240,240
4,241,668.6346153846154,392.1923076923077,0,241,241
4,242,43.6,395.8,0,242,242
4,243,68.8,395.0,0,243,243
4,244,75.56521739130434,395.3478260869565,0,244,244
4,245,340.8333333333333,395.73333333333335,0,245,245
4,246,70.5,397.46666666666664,0,246,246
4,247,69.0,399.0,0,247,247
4,248,81.05357142857143,398.6607142857143,0,248,248
4,249,663.5,397.5,0,249,249
4,250,36.411764705882355,399.88235294117646,0,250,250
4,251,73.16666666666667,400.8333333333333,0,251,251
4,252,47.166666666666664,401.8333333333333,0,252,252
4,253,95.375,402.75,0,253,253
4,254,43.25,404.0,0,254,254
4,255,88.07142857142857,402.98214285714283,0,255,255
4,256,48.296875,405.234375,0,256,256
4,257,576.725,406.075,0,257,257
4,258,592.7068965517242,406.5,0,258,258
4,259,44.77777777777778,409.55555555555554,0,259,259
4,260,593.0,409.44444444444446,0,260,260
4,261,560.0,409.2647058823529,0,261,261
4,262,586.1666666666666,409.8333333333333,0,262,262
4,263,389.04651162790697,412.9767441860465,0,263,263
4,264,566.0,409.7142857142857,0,264,264
4,265,565.2727272727273,412.969696969697,0,265,265
4,266,147.5,414.0,0,266,266
4,267,579.05,413.925,0,267,267
4,268,583.2105263157895,416.5263157894737,0,268,268
4,269,380.7837837837838,415.94594594594594,0,269,269
4,270,567.1190476190476,418.54761904761904,0,270,270
4,271,155.7948717948718,420.3076923076923,0,271,271
4,272,165.88297872340425,421.8085106382979,0,272,272
4,273,309.75,422.75,0,273,273
4,274,389.6190476190476,420.57142857142856,0,274,274
4,275,384.2,424.51666666666665,0,275,275
4,276,176.66666666666666,425.875,0,276,276
4,277,508.9767441860465,425.8837209302326,0,277,277
4,278,516.0,429.5,0,278,278
4,279,302.6774193548387,430.38709677419354,0,279,279
4,280,497.82608695652175,428.2282608695652,0,280,280
4,281,302.54545454545456,434.0,0,281,281
4,282,386.875,432.6875,0,282,282
4,283,521.1282051282051,435.12820512820514,0,283,283
4,284,306.50877192982455,436.9298245614035,0,284,284
4,285,313.2,436.0,0,285,285
4,286,513.4516129032259,437.4193548387097,0,286,286
4,287,415.5,439.5,0,287,287
4,288,526.5,440.0,0,288,288
4,289,522.1463414634146,441.7073170731707,0,289,289
4,290,305.030303030303,443.27272727272725,0,290,290
4,291,299.61538461538464,445.0769230769231,0,291,291
4,292,168.78571428571428,445.92857142857144,0,292,292
4,293,175.0,447.0,0,293,293
4,294,413.140350877193,450.2105263157895,0,294,294
4,295,167.0,451.75,0,295,295
4,296,172.31034482758622,450.95402298850576,0,296,296
4,297,346.8979591836735,452.81632653061223,0,297,297
4,298,407.0238095238095,452.1666666666667,0,298,298
4,299,103.73913043478261,454.60869565217394,0,299,299
4,300,185.0952380952381,451.6666666666667,0,300,300
4,301,403.77777777777777,455.77777777777777,0,301,301
4,302,495.0,455.55555555555554,0,302,302
4,303,106.88888888888889,458.6111111111111,0,303,303
4,304,188.02898550724638,457.9710144927536,0,304,304
4,305,348.2,458.73333333333335,0,305,305
4,306,497.126582278481,459.30379746835445,0,306,306
4,307,193.66666666666666,460.1111111111111,0,307,307
4,308,413.17857142857144,460.2142857142857,0,308,308
4,309,111.20833333333333,460.7083333333333,0,309,309
4,310,399.42857142857144,461.7142857142857,0,310,310
4,311,508.0,459.55555555555554,0,311,311
4,312,508.7931034482759,462.4655172413793,0,312,312
4,313,71.64516129032258,464.38709677419354,0,313,313
4,314,340.16037735849056,465.3207547169811,0,314,314
4,315,405.3333333333333,464.0,0,315,315
4,316,104.78571428571429,464.5,0,316,316
4,317,399.2857142857143,465.14285714285717,0,317,317
4,318,519.0,464.25,0,318,318
4,319,108.11111111111111,465.1111111111111,0,319,319
4,320,413.54545454545456,466.1363636363636,0,320,320
4,321,109.83720930232558,469.4418604651163,0,321,321
4,322,341.6666666666667,469.6666666666667,0,322,322
4,323,398.0,468.0,0,323,323
4,324,512.5,467.38461538461536,0,324,324
4,325,77.34482758620689,469.17241379310343,0,325,325
4,326,519.4878048780488,467.9024390243902,0,326,326
4,327,69.0,469.8,0,327,327
4,328,238.0,469.25,0,328,328
4,329,232.84615384615384,469.0769230769231,0,329,329
4,330,114.3913043478261,472.60869565217394,0,330,330
4,331,273.0,472.0,0,331,331
4,332,106.71428571428571,473.7142857142857,0,332,332
4,333,234.27586206896552,472.9655172413793,0,333,333
4,334,335.90909090909093,473.09090909090907,0,334,334
4,335,406.0,472.7826086956522,0,335,335
4,336,69.28,474.44,0,336,336
4,337,72.28571428571429,475.0,0,337,337
4,338,282.5,475.7142857142857,0,338,338
4,339,76.76923076923077,476.4230769230769,0,339,339
4,340,243.4,477.1,0,340,340
4,341,271.72727272727275,476.54545454545456,0,341,341
4,342,68.0,478.25,0,342,342
4,343,664.25,478.875,0,343,343
4,344,226.58823529411765,479.11764705882354,0,344,344
4,345,277.2857142857143,479.0,0,345,345
4,346,333.77777777777777,478.5,0,346,346
4,347,236.375,479.5,0,347,347
4,348,483.75,480.625,0,348,348
4,349,232.97560975609755,483.6829268292683,0,349,349
4,350,272.5571428571429,482.57142857142856,0,350,350
4,351,488.25,481.625,0,351,351
4,352,229.25,486.0,0,352,352
4,353,653.5849056603773,487.62264150943395,0,353,353
4,354,276.2631578947368,488.36842105263156,0,354,354
4,355,649.25,489.0,0,355,355
4,356,269.3636363636364,489.90909090909093,0,356,356
4,357,489.31304347826085,486.504347826087,0,357,357
4,358,496.0,491.46153846153845,0,358,358
4,359,657.7692307692307,491.9230769230769,0,359,359
4,360,499.5,494.2857142857143,0,360,360
4,361,663.625,493.25,0,361,361
4,362,654.6129032258065,495.258064516129,0,362,362
4,363,490.90909090909093,496.3636363636364,0,363,363
4,364,666.1111111111111,495.6666666666667,0,364,364
4,365,650.9166666666666,498.6666666666667,0,365,365
4,366,653.7931034482758,505.37931034482756,0,366,366
5,1,289.2,14.6,0,1,1
5,2,280.5,21.5,0,2,2
5,3,538.1111111111111,21.77777777777778,0,3,3
5,4,533.4285714285714,24.071428571428573,0,4,4
5,5,522.8611111111111,25.11111111111111,0,5,5
5,6,282.0,28.25,0,6,6
5,7,524.8,31.0,0,7,7
5,8,257.25,35.625,0,8,8
5,9,263.0,38.5,0,9,9
5,10,99.87755102040816,43.87755102040816,0,10,10
5,11,266.55,44.75,0,11,11
5,12,252.0,45.0,0,12,12
5,13,256.42857142857144,45.32142857142857,0,13,13
5,14,48.27272727272727,46.27272727272727,0,14,14
5,15,64.125,46.125,0,15,15
5,16,486.125,46.125,0,16,16
5,17,681.7894736842105,46.0,0,17,17
5,18,54.46875,48.40625,0,18,18
5,19,685.0,47.8,0,19,19
5,20,46.0,49.5,0,20,20
5,21,101.41935483870968,52.03225806451613,0,21,21
5,22,61.90909090909091,52.90909090909091,0,22,22
5,23,266.5,53.5,0,23,23
5,24,491.5625,54.5,0,24,24
5,25,593.1363636363636,54.40909090909091,0,25,25
5,26,249.3,54.7,0,26,26
5,27,413.96774193548384,55.61290322580645,0,27,27
5,28,601.1875,55.6875,0,28,28
5,29,484.61764705882354,57.23529411764706,0,29,29
5,30,61.57142857142857,59.2,0,30,30
5,31,105.6086956521739,57.43478260869565,0,31,31
5,32,307.0,58.26470588235294,0,32,32
5,33,422.38461538461536,57.61538461538461,0,33,33
5,34,128.0,57.166666666666664,0,34,34
5,35,312.8421052631579,58.8421052631579,0,35,35
5,36,58.25,60.0,0,36,36
5,37,163.52631578947367,59.63157894736842,0,37,37
5,38,587.2857142857143,59.857142857142854,0,38,38
5,39,67.92857142857143,61.214285714285715,0,39,39
5,40,128.62962962962962,61.888888888888886,0,40,40
5,41,473.4117647058824,61.88235294117647,0,41,41
5,42,100.25581395348837,61.97674418604651,0,42,42
5,43,412.9166666666667,63.0,0,43,43
5,44,298.0833333333333,63.916666666666664,0,44,44
5,45,479.60869565217394,64.04347826086956,0,45,45
5,46,306.8421052631579,66.49122807017544,0,46,46
5,47,412.22222222222223,65.55555555555556,0,47,47
5,48,495.5,65.0,0,48,48
5,49,65.08333333333333,65.66666666666667,0,49,49
5,50,134.0,69.0,0,50,50
5,51,600.8541666666666,68.5625,0,51,51
5,52,152.64,70.6,0,52,52
5,53,305.8333333333333,72.16666666666667,0,53,53
5,54,507.5,70.5,0,54,54
5,55,151.84615384615384,74.92307692307692,0,55,55
5,56,453.0,71.71428571428571,0,56,56
5,57,488.75,72.4,0,57,57
5,58,382.68,73.52,0,58,58
5,59,461.44444444444446,74.0,0,59,59
5,60,606.9,74.9,0,60,60
5,61,417.875,74.5,0,61,61
5,62,491.4,75.08,0,62,62
5,63,408.6111111111111,75.72222222222223,0,63,63
5,64,494.3333333333333,76.33333333333333,0,64,64
5,65,652.1666666666666,77.16666666666667,0,65,65
5,66,128.6734693877551,77.42857142857143,0,66,66
5,67,387.038961038961,79.28571428571429,0,67,67
5,68,390.42857142857144,76.71428571428571,0,68,68
5,69,450.25,78.0,0,69,69
5,70,498.625,79.25,0,70,70
5,71,455.91472868217056,77.69767441860465,0,71,71
5,72,502.3235294117647,80.02941176470588,0,72,72
5,73,546.0,79.25,0,73,73
5,74,656.6666666666666,79.88888888888889,0,74,74
5,75,195.875,80.33333333333333,0,75,75
5,76,416.84444444444443,79.22222222222223,0,76,76
5,77,642.5,80.8,0,77,77
5,78,146.68,82.36,0,78,78
5,79,491.0,82.85714285714286,0,79,79
5,80,143.0,83.5,0,80,80
5,81,647.4,83.6,0,81,81
5,82,187.96428571428572,84.57142857142857,0,82,82
5,83,385.6363636363636,85.72727272727273,0,83,83
5,84,463.8541666666667,82.64583333333333,0,84,84
5,85,155.1578947368421,84.84210526315789,0,85,85
5,86,412.9583333333333,84.70833333333333,0,86,86
5,87,550.1309523809524,84.82142857142857,0,87,87
5,88,553.75,83.625,0,88,88
5,89,664.4102564102565,86.94871794871794,0,89,89
5,90,457.0,89.5,0,90,90
5,91,666.75,89.0,0,91,91
5,92,146.08695652173913,90.21739130434783,0,92,92
5,93,548.3666666666667,91.63333333333334,0,93,93
5,94,543.5882352941177,91.88235294117646,0,94,94
5,95,462.42857142857144,93.38095238095238,0,95,95
5,96,185.45098039215685,94.72549019607843,0,96,96
5,97,553.6538461538462,97.34615384615384,0,97,97
5,98,187.0,99.75,0,98,98
5,99,177.71428571428572,103.61904761904762,0,99,99
5,100,176.0,106.63636363636364,0,100,100
5,101,63.166666666666664,110.83333333333333,0,101,101
5,102,72.0,112.0,0,102,102
5,103,63.096385542168676,117.10843373493977,0,103,103
5,104,630.0,120.83870967741936,0,104,104
5,105,67.71428571428571,123.0,0,105,105
5,106,487.719298245614,123.24561403508773,0,106,106
5,107,57.23076923076923,123.65384615384616,0,107,107
5,108,331.1904761904762,124.30952380952381,0,108,108
5,109,321.22222222222223,124.05555555555556,0,109,109
5,110,493.80392156862746,128.0392156862745,0,110,110
5,111,316.6333333333333,126.36666666666666,0,111,111
5,112,259.125,126.4375,0,112,112
5,113,65.5,129.5,0,113,113
5,114,566.3846153846154,129.3846153846154,0,114,114
5,115,635.2,128.2,0,115,115
5,116,52.020833333333336,129.27083333333334,0,116,116
5,117,266.0,129.5,0,117,117
5,118,455.1714285714286,131.0,0,118,118
5,119,324.66279069767444,129.65116279069767,0,119,119
5,120,493.75,132.375,0,120,120
5,121,631.9625,131.075,0,121,121
5,122,255.53424657534248,131.6027397260274,0,122,122
5,123,442.7142857142857,134.0,0,123,123
5,124,557.8,133.8,0,124,124
5,125,638.3703703703703,134.55555555555554,0,125,125
5,126,498.5,135.5,0,126,126
5,127,243.9,134.2,0,127,127
5,128,488.1578947368421,135.8421052631579,0,128,128
5,129,249.84313725490196,137.35294117647058,0,129,129
5,130,570.7375,138.025,0,130,130
5,131,636.9230769230769,141.6153846153846,0,131,131
5,132,454.55555555555554,142.0,0,132,132
5,133,498.5652173913044,142.82608695652175,0,133,133
5,134,459.7395833333333,144.51041666666666,0,134,134
5,135,574.2631578947369,145.1578947368421,0,135,135
5,136,626.25,146.25,0,136,136
5,137,152.12269938650306,151.58895705521473,0,137,137
5,138,158.55263157894737,156.92105263157896,0,138,138
5,139,547.4285714285714,158.71428571428572,0,139,139
5,140,149.57142857142858,161.28571428571428,0,140,140
5,141,202.16666666666666,160.0,0,141,141
5,142,206.20754716981133,159.69811320754718,0,142,142
5,143,555.6,160.6,0,143,143
5,144,361.09090909090907,162.27272727272728,0,144,144
5,145,548.3243243243244,162.13513513513513,0,145,145
5,146,206.83333333333334,166.125,0,146,146
5,147,362.6857142857143,166.64285714285714,0,147,147
5,148,553.8333333333334,166.83333333333334,0,148,148
5,149,549.1818181818181,170.45454545454547,0,149,149
5,150,472.1,170.95,0,150,150
5,151,201.9090909090909,171.9090909090909,0,151,151
5,152,60.80722891566265,173.10843373493975,0,152,152
5,153,206.61904761904762,173.0952380952381,0,153,153
5,154,282.70454545454544,173.63636363636363,0,154,154
5,155,358.3243243243243,173.0,0,155,155
5,156,555.0985915492957,171.40845070422534,0,156,156
5,157,265.53225806451616,175.16129032258064,0,157,157
5,158,259.0869565217391,175.04347826086956,0,158,158
5,159,373.6,175.5,0,159,159
5,160,557.25,176.375,0,160,160
5,161,487.6296296296296,175.4814814814815,0,161,161
5,162,199.475,177.825,0,162,162
5,163,279.3333333333333,177.33333333333334,0,163,163
5,164,367.6545454545454,176.21818181818182,0,164,164
5,165,470.34285714285716,177.77142857142857,0,165,165
5,166,483.61290322580646,178.80645161290323,0,166,166
5,167,58.75,179.0,0,167,167
5,168,461.0,179.0,0,168,168
5,169,564.6333333333333,177.93333333333334,0,169,169
5,170,579.3333333333334,179.875,0,170,170
5,171,131.2,180.4,0,171,171
5,172,54.0,180.48,0,172,172
5,173,147.11764705882354,181.41176470588235,0,173,173
5,174,359.2,183.0,0,174,174
5,175,363.22222222222223,184.44444444444446,0,175,175
5,176,470.2857142857143,184.68571428571428,0,176,176
5,177,482.1081081081081,184.2972972972973,0,177,177
5,178,134.1,184.65,0,178,178
5,179,367.0,185.42857142857142,0,179,179
5,180,66.75229357798165,185.28440366972478,0,180,180
5,181,465.32,187.36,0,181,181
5,182,160.66666666666666,191.85714285714286,0,182,182
5,183,132.5,192.0,0,183,183
5,184,149.95454545454547,191.72727272727272,0,184,184
5,185,140.46391752577318,196.56701030927834,0,185,185
5,186,167.1851851851852,194.74074074074073,0,186,186
5,187,611.75,193.625,0,187,187
5,188,615.078125,196.546875,0,188,188
5,189,297.5,197.5,0,189,189
5,190,621.375,197.25,0,190,190
5,191,72.66666666666667,198.25,0,191,191
5,192,611.25,199.375,0,192,192
5,193,297.5,199.5,0,193,193
5,194,538.0454545454545,200.77272727272728,0,194,194
5,195,602.5,199.8,0,195,195
5,196,624.7647058823529,199.52941176470588,0,196,196
5,197,163.97826086956522,201.54347826086956,0,197,197
5,198,552.1818181818181,200.1818181818182,0,198,198
5,199,290.9591836734694,204.0204081632653,0,199,199
5,200,540.3333333333334,203.33333333333334,0,200,200
5,201,301.462962962963,206.0648148148148,0,201,201
5,202,549.5,206.6451612903226,0,202,202
5,203,607.5,203.875,0,203,203
5,204,536.8333333333334,205.16666666666666,0,204,204
5,205,610.8636363636364,205.04545454545453,0,205,205
5,206,138.71428571428572,206.5,0,206,206
5,207,542.0,207.5,0,207,207
5,208,285.025,208.675,0,208,208
5,209,159.2826086956522,210.7826086956522,0,209,209
5,210,296.1666666666667,211.16666666666666,0,210,210
5,211,489.1666666666667,208.83333333333334,0,211,211
5,212,556.3846153846154,210.3846153846154,0,212,212
5,213,164.36363636363637,211.0909090909091,0,213,213
5,214,301.27272727272725,212.8181818181818,0,214,214
5,215,480.10869565217394,213.84782608695653,0,215,215
5,216,488.27272727272725,213.5,0,216,216
5,217,657.25,217.0,0,217,217
5,218,470.75,216.91666666666666,0,218,218
5,219,661.0,217.25,0,219,219
5,220,173.48214285714286,218.03571428571428,0,220,220
5,221,429.2,218.0,0,221,221
5,222,499.0869565217391,219.47826086956522,0,222,222
5,223,166.2,219.6,0,223,223
5,224,493.5833333333333,221.58333333333334,0,224,224
5,225,655.7931034482758,221.55172413793105,0,225,225
5,226,162.35714285714286,221.07142857142858,0,226,226
5,227,651.2,222.4,0,227,227
5,228,481.2916666666667,223.70833333333334,0,228,228
5,229,434.9148936170213,224.72340425531914,0,229,229
5,230,648.1276595744681,226.04255319148936,0,230,230
5,231,161.17741935483872,225.88709677419354,0,231,231
5,232,424.1111111111111,225.77777777777777,0,232,232
5,233,496.59090909090907,226.1818181818182,0,233,233
5,234,658.3333333333334,226.44444444444446,0,234,234
5,235,661.0666666666667,227.33333333333334,0,235,235
5,236,232.625,227.625,0,236,236
5,237,650.75,228.0,0,237,237
5,238,169.21052631578948,229.39473684210526,0,238,238
5,239,418.63829787234044,229.89361702127658,0,239,239
5,240,427.9310344827586,228.3448275862069,0,240,240
5,241,571.8,229.4,0,241,241
5,242,408.8333333333333,229.83333333333334,0,242,242
5,243,564.8461538461538,230.53846153846155,0,243,243
5,244,238.56626506024097,231.55421686746988,0,244,244
5,245,580.2307692307693,230.84615384615384,0,245,245
5,246,557.125,231.875,0,246,246
5,247,678.3030303030303,234.0,0,247,247
5,248,156.51282051282053,233.0,0,248,248
5,249,413.0,232.71428571428572,0,249,249
5,250,245.0909090909091,235.36363636363637,0,250,250
5,251,624.4,235.04,0,251,251
5,252,681.75,235.0,0,252,252
5,253,229.9787234042553,237.0,0,253,253
5,254,567.3225806451613,237.61290322580646,0,254,254
5,255,169.58064516129033,237.61290322580646,0,255,255
5,256,557.3333333333334,239.42857142857142,0,256,256
5,257,631.0697674418604,241.62790697674419,0,257,257
5,258,668.2,240.0,0,258,258
5,259,638.125,241.66666666666666,0,259,259
5,260,565.2857142857143,243.42857142857142,0,260,260
5,261,675.4444444444445,243.55555555555554,0,261,261
5,262,679.1111111111111,245.74074074074073,0,262,262
5,263,429.1666666666667,246.83333333333334,0,263,263
5,264,526.8,248.2,0,264,264
5,265,537.0,247.25,0,265,265
5,266,661.3846153846154,248.46153846153845,0,266,266
5,267,671.0615384615385,246.5076923076923,0,267,267
5,268,123.05,248.5,0,268,268
5,269,422.0,250.0,0,269,269
5,270,544.0,250.0,0,270,270
5,271,433.1940298507463,250.8955223880597,0,271,271
5,272,339.8,252.4,0,272,272
5,273,536.875,250.10416666666666,0,273,273
5,274,439.125,254.75,0,274,274
5,275,412.0,255.28571428571428,0,275,275
5,276,112.0,255.25,0,276,276
5,277,122.65217391304348,254.56521739130434,0,277,277
5,278,246.5,255.5,0,278,278
5,279,550.0909090909091,255.95454545454547,0,279,279
5,280,111.67857142857143,257.25,0,280,280
5,281,338.5,257.0,0,281,281
5,282,421.09090909090907,256.90909090909093,0,282,282
5,283,36.61538461538461,257.65384615384613,0,283,283
5,284,130.0,257.25,0,284,284
5,285,534.0952380952381,258.42857142857144,0,285,285
5,286,237.0,258.25,0,286,286
5,287,346.22680412371136,260.03092783505156,0,287,287
5,288,131.75,260.0,0,288,288
5,289,503.5,260.5,0,289,289
5,290,353.2857142857143,261.0,0,290,290
5,291,425.64285714285717,261.2857142857143,0,291,291
5,292,496.0,260.5,0,292,292
5,293,33.48717948717949,262.5897435897436,0,293,293
5,294,238.171875,261.5625,0,294,294
5,295,42.0,262.5,0,295,295
5,296,126.32857142857142,262.27142857142854,0,296,296
5,297,340.0,263.5,0,297,297
5,298,235.0,264.75,0,298,298
5,299,37.0,265.5,0,299,299
5,300,221.74193548387098,265.48387096774195,0,300,300
5,301,229.27272727272728,266.29545454545456,0,301,301
5,302,372.8,265.8,0,302,302
5,303,133.85714285714286,266.7142857142857,0,303,303
5,304,375.29411764705884,267.4117647058824,0,304,304
5,305,31.59259259259259,268.0740740740741,0,305,305
5,306,345.0,267.25,0,306,306
5,307,504.09589041095893,269.63013698630135,0,307,307
5,308,510.3333333333333,268.6666666666667,0,308,308
5,309,42.5,269.7857142857143,0,309,309
5,310,488.2857142857143,270.0,0,310,310
5,311,497.44444444444446,270.22222222222223,0,311,311
5,312,499.3,270.0,0,312,312
5,313,347.7741935483871,271.35483870967744,0,313,313
5,314,376.6666666666667,270.6666666666667,0,314,314
5,315,355.2,272.4,0,315,315
5,316,372.25,272.0,0,316,316
5,317,508.8333333333333,273.4166666666667,0,317,317
5,318,35.0,272.5,0,318,318
5,319,125.83333333333333,272.3333333333333,0,319,319
5,320,368.15,272.95,0,320,320
5,321,494.29411764705884,272.52941176470586,0,321,321
5,322,665.2,273.4,0,322,322
5,323,655.8888888888889,274.44444444444446,0,323,323
5,324,380.48,276.29333333333335,0,324,324
5,325,489.7,275.6,0,325,325
5,326,661.25,276.0,0,326,326
5,327,375.3,276.7,0,327,327
5,328,498.42105263157896,278.5263157894737,0,328,328
5,329,665.0,277.03225806451616,0,329,329
5,330,87.75,280.0,0,330,330
5,331,379.0,280.75,0,331,331
5,332,656.5416666666666,279.625,0,332,332
5,333,652.304347826087,281.30434782608694,0,333,333
5,334,83.07692307692308,281.78846153846155,0,334,334
5,335,502.8,282.6,0,335,335
5,336,617.5142857142857,285.65714285714284,0,336,336
5,337,377.54545454545456,286.3636363636364,0,337,337
5,338,650.8620689655172,288.1034482758621,0,338,338
5,339,75.0,287.8,0,339,339
5,340,79.39344262295081,289.655737704918,0,340,340
5,341,195.5,290.0,0,341,341
5,342,612.2857142857143,289.89285714285717,0,342,342
5,343,185.3846153846154,291.84615384615387,0,343,343
5,344,487.16279069767444,291.74418604651163,0,344,344
5,345,598.3428571428572,291.37142857142857,0,345,345
5,346,605.4285714285714,289.7142857142857,0,346,346
5,347,478.0,290.7142857142857,0,347,347
5,348,491.7,291.7,0,348,348
5,349,496.82758620689657,291.8965517241379,0,349,349
5,350,75.0,293.2,0,350,350
5,351,245.7058823529412,293.8235294117647,0,351,351
5,352,251.33333333333334,292.44444444444446,0,352,352
5,353,347.2909090909091,293.3272727272727,0,353,353
5,354,596.1666666666666,297.76666666666665,0,354,354
5,355,606.6666666666666,293.8627450980392,0,355,355
5,356,87.76470588235294,296.0,0,356,356
5,357,250.10344827586206,297.1034482758621,0,357,357
5,358,372.1932773109244,293.0840336134454,0,358,358
5,359,477.5576923076923,295.38461538461536,0,359,359
5,360,36.0,297.5,0,360,360
5,361,291.8333333333333,299.5,0,361,361
5,362,610.5344827586207,300.3448275862069,0,362,362
5,363,192.47619047619048,298.4761904761905,0,363,363
5,364,197.5,301.125,0,364,364
5,365,246.83333333333334,300.1666666666667,0,365,365
5,366,375.26666666666665,300.6333333333333,0,366,366
5,367,41.57142857142857,301.14285714285717,0,367,367
5,368,77.5,301.07142857142856,0,368,368
5,369,242.47058823529412,301.7647058823529,0,369,369
5,370,349.7307692307692,300.5,0,370,370
5,371,370.8333333333333,302.0,0,371,371
5,372,25.980392156862745,304.01960784313724,0,372,372
5,373,38.85294117647059,304.29411764705884,0,373,373
5,374,189.02173913043478,306.30434782608694,0,374,374
5,375,238.40625,304.4375,0,375,375
5,376,294.6,306.6,0,376,376
5,377,343.0,305.8,0,377,377
5,378,346.375,305.21875,0,378,378
5,379,193.8181818181818,307.1818181818182,0,379,379
5,380,32.638888888888886,307.5,0,380,380
5,381,277.7142857142857,308.57142857142856,0,381,381
5,382,290.03333333333336,309.26666666666665,0,382,382
5,383,44.46153846153846,311.15384615384613,0,383,383
5,384,331.0,309.55555555555554,0,384,384
5,385,35.8421052631579,312.13157894736844,0,385,385
5,386,331.92,312.2,0,386,386
5,387,426.6818181818182,311.6363636363636,0,387,387
5,388,282.4404761904762,313.8095238095238,0,388,388
5,389,340.7117117117117,314.3063063063063,0,389,389
5,390,437.8529411764706,317.2352941176471,0,390,390
5,391,122.875,315.875,0,391,391
5,392,113.0,317.5,0,392,392
5,393,278.7142857142857,317.0,0,393,393
5,394,345.44444444444446,318.0,0,394,394
5,395,430.7142857142857,318.0,0,395,395
5,396,443.0,320.44444444444446,0,396,396
5,397,191.5,319.6666666666667,0,397,397
5,398,285.73333333333335,320.3333333333333,0,398,398
5,399,538.4285714285714,322.7142857142857,0,399,399
5,400,127.0,323.5,0,400,400
5,401,339.2857142857143,323.0,0,401,401
5,402,530.4,322.825,0,402,402
5,403,114.79032258064517,323.96774193548384,0,403,403
5,404,525.8421052631579,325.2631578947368,0,404,404
5,405,116.0909090909091,327.72727272727275,0,405,405
5,406,425.08,325.68,0,406,406
5,407,328.2857142857143,328.42857142857144,0,407,407
5,408,591.0952380952381,331.7142857142857,0,408,408
5,409,114.61538461538461,333.8076923076923,0,409,409
5,410,325.6666666666667,332.35555555555555,0,410,410
5,411,341.3333333333333,332.8888888888889,0,411,411
5,412,585.8846153846154,333.15384615384613,0,412,412
5,413,577.3846153846154,334.38461538461536,0,413,413
5,414,353.8076923076923,335.0769230769231,0,414,414
5,415,532.3064516129032,333.6774193548387,0,415,415
5,416,158.29166666666666,336.2916666666667,0,416,416
5,417,516.5,336.5,0,417,417
5,418,333.82978723404256,336.2340425531915,0,418,418
5,419,339.27777777777777,339.77777777777777,0,419,419
5,420,600.5,338.77777777777777,0,420,420
5,421,607.0,339.5,0,421,421
5,422,613.4615384615385,340.15384615384613,0,422,422
5,423,659.390243902439,340.2926829268293,0,423,423
5,424,356.875,340.875,0,424,424
5,425,577.2857142857143,341.5,0,425,425
5,426,238.5,344.0,0,426,426
5,427,153.71428571428572,345.0952380952381,0,427,427
5,428,163.0,345.25,0,428,428
5,429,249.5,346.0952380952381,0,429,429
5,430,584.025641025641,345.79487179487177,0,430,430
5,431,611.0,346.6666666666667,0,431,431
5,432,659.0512820512821,345.8205128205128,0,432,432
5,433,237.11111111111111,346.8888888888889,0,433,433
5,434,159.2962962962963,349.320987654321,0,434,434
5,435,235.63636363636363,350.27272727272725,0,435,435
5,436,413.88235294117646,350.4117647058824,0,436,436
5,437,243.625,350.1666666666667,0,437,437
5,438,404.8918918918919,351.0,0,438,438
5,439,581.75,351.4166666666667,0,439,439
5,440,653.6756756756756,350.4189189189189,0,440,440
5,441,603.0166666666667,354.3666666666667,0,441,441
5,442,403.7,355.7,0,442,442
5,443,245.71428571428572,354.9387755102041,0,443,443
5,444,523.2,355.0,0,444,444
5,445,662.9230769230769,354.3076923076923,0,445,445
5,446,78.5,356.0,0,446,446
5,447,148.0,355.25,0,447,447
5,448,148.62,359.9533333333333,0,448,448
5,449,237.19354838709677,355.0967741935484,0,449,449
5,450,533.0,356.5,0,450,450
5,451,667.0,357.57142857142856,0,451,451
5,452,604.8,359.0,0,452,452
5,453,650.25,358.0,0,453,453
5,454,654.0408163265306,358.6938775510204,0,454,454
5,455,399.84375,360.375,0,455,455
5,456,82.30882352941177,359.19117647058823,0,456,456
5,457,244.27272727272728,361.95454545454544,0,457,457
5,458,295.5,363.0,0,458,458
5,459,391.72222222222223,362.3888888888889,0,459,459
5,460,64.03846153846153,365.0769230769231,0,460,460
5,461,287.76190476190476,365.04761904761904,0,461,461
5,462,396.6,366.66,0,462,462
5,463,530.4107142857143,364.69642857142856,0,463,463
5,464,668.7692307692307,366.2307692307692,0,464,464
5,465,50.37096774193548,367.258064516129,0,465,465
5,466,294.9,367.2,0,466,466
5,467,341.4117647058824,367.11764705882354,0,467,467
5,468,401.0,367.0,0,468,468
5,469,656.8275862068965,368.5603448275862,0,469,469
5,470,277.1,367.9,0,470,470
5,471,334.60869565217394,368.0869565217391,0,471,471
5,472,80.91176470588235,369.0,0,472,472
5,473,88.70370370370371,369.3703703703704,0,473,473
5,474,521.0,369.0,0,474,474
5,475,649.625,369.25,0,475,475
5,476,44.4,371.2857142857143,0,476,476
5,477,57.84615384615385,372.46153846153845,0,477,477
5,478,156.83333333333334,371.0,0,478,478
5,479,282.96491228070175,369.6140350877193,0,479,479
5,480,296.7142857142857,371.89285714285717,0,480,480
5,481,40.0,373.3333333333333,0,481,481
5,482,161.17241379310346,372.82758620689657,0,482,482
5,483,280.42857142857144,373.57142857142856,0,483,483
5,484,657.1666666666666,376.3888888888889,0,484,484
5,485,92.41666666666667,373.9583333333333,0,485,485
5,486,339.6923076923077,373.9230769230769,0,486,486
5,487,53.142857142857146,376.14285714285717,0,487,487
5,488,335.1333333333333,377.3666666666667,0,488,488
5,489,660.75,377.0,0,489,489
5,490,329.4117647058824,378.11764705882354,0,490,490
5,491,619.76,378.36,0,491,491
5,492,144.94736842105263,378.8421052631579,0,492,492
5,493,166.5,379.5,0,493,493
5,494,345.8181818181818,378.8181818181818,0,494,494
5,495,91.60606060606061,381.5151515151515,0,495,495
5,496,282.0,382.5,0,496,496
5,497,614.4545454545455,380.1818181818182,0,497,497
5,498,148.87878787878788,383.45454545454544,0,498,498
5,499,659.2,383.55,0,499,499
5,500,157.01351351351352,384.86486486486484,0,500,500
5,501,469.0,386.0,0,501,501
5,502,49.275862068965516,385.9310344827586,0,502,502
5,503,60.2972972972973,386.3783783783784,0,503,503
5,504,148.57142857142858,387.2857142857143,0,504,504
5,505,83.55172413793103,385.62068965517244,0,505,505
5,506,613.5277777777778,386.0416666666667,0,506,506
5,507,166.13793103448276,387.67241379310343,0,507,507
5,508,209.36363636363637,387.90909090909093,0,508,508
5,509,649.1923076923077,389.61538461538464,0,509,509
5,510,205.2962962962963,391.14814814814815,0,510,510
5,511,565.5,391.5,0,511,511
5,512,68.15384615384616,392.46153846153845,0,512,512
5,513,571.3404255319149,393.5531914893617,0,513,513
5,514,489.25,392.625,0,514,514
5,515,637.5,393.7142857142857,0,515,515
5,516,642.0,393.72,0,516,516
5,517,480.0,395.0,0,517,517
5,518,421.9318181818182,396.1136363636364,0,518,518
5,519,488.57894736842104,395.86842105263156,0,519,519
5,520,646.2173913043479,395.69565217391306,0,520,520
5,521,210.47368421052633,397.0,0,521,521
5,522,602.4285714285714,396.7142857142857,0,522,522
5,523,652.1666666666666,397.1666666666667,0,523,523
5,524,215.6153846153846,397.61538461538464,0,524,524
5,525,474.15384615384613,397.8615384615385,0,525,525
5,526,580.6304347826087,398.10869565217394,0,526,526
5,527,72.67857142857143,399.75,0,527,527
5,528,205.0,398.25,0,528,528
5,529,606.4666666666667,397.53333333333336,0,529,529
5,530,149.5,399.5,0,530,530
5,531,75.16666666666667,400.8333333333333,0,531,531
5,532,157.0,400.25,0,532,532
5,533,475.7142857142857,402.42857142857144,0,533,533
5,534,631.1363636363636,400.72727272727275,0,534,534
5,535,151.21052631578948,403.05263157894734,0,535,535
5,536,204.3181818181818,401.6363636363636,0,536,536
5,537,473.4761904761905,404.2857142857143,0,537,537
5,538,561.5,403.0,0,538,538
5,539,155.96153846153845,403.03846153846155,0,539,539
5,540,635.7647058823529,404.2352941176471,0,540,540
5,541,162.0,403.7142857142857,0,541,541
5,542,213.36363636363637,406.04545454545456,0,542,542
5,543,570.1666666666666,406.1666666666667,0,543,543
5,544,581.6428571428571,407.39285714285717,0,544,544
5,545,162.0,407.7027027027027,0,545,545
5,546,208.27272727272728,408.90909090909093,0,546,546
5,547,573.2,409.0,0,547,547
5,548,635.5,409.0,0,548,548
5,549,167.73684210526315,410.3421052631579,0,549,549
5,550,416.77358490566036,409.20754716981133,0,550,550
5,551,165.28571428571428,413.57142857142856,0,551,551
5,552,215.02439024390245,414.7560975609756,0,552,552
5,553,348.875,413.625,0,553,553
5,554,413.56666666666666,414.4,0,554,554
5,555,518.3333333333334,413.6666666666667,0,555,555
5,556,356.64285714285717,414.64285714285717,0,556,556
5,557,286.375,415.625,0,557,557
5,558,350.0,416.5,0,558,558
5,559,516.92,416.44,0,559,559
5,560,271.875,418.75,0,560,560
5,561,280.7894736842105,417.9824561403509,0,561,561
5,562,508.14285714285717,417.42857142857144,0,562,562
5,563,411.27027027027026,419.02702702702703,0,563,563
5,564,519.3333333333334,419.3333333333333,0,564,564
5,565,353.2857142857143,417.7857142857143,0,565,565
5,566,522.7272727272727,420.22727272727275,0,566,566
5,567,529.8823529411765,420.5882352941176,0,567,567
5,568,281.1666666666667,422.1666666666667,0,568,568
5,569,513.5,420.5,0,569,569
5,570,357.90625,421.34375,0,570,570
5,571,279.0980392156863,426.94117647058823,0,571,571
5,572,295.5,426.5,0,572,572
5,573,507.7692307692308,423.61538461538464,0,573,573
5,574,513.9565217391304,427.5217391304348,0,574,574
5,575,520.8125,426.6875,0,575,575
5,576,527.5,426.5,0,576,576
5,577,290.525,429.55,0,577,577
5,578,351.5,427.5,0,578,578
5,579,287.25,431.0,0,579,579
5,580,517.6666666666666,431.6666666666667,0,580,580
5,581,298.6,435.9,0,581,581
5,582,504.5925925925926,436.0740740740741,0,582,582
5,583,510.1666666666667,436.06666666666666,0,583,583
5,584,138.5,441.5,0,584,584
5,585,184.5,443.67857142857144,0,585,585
5,586,198.0,448.2,0,586,586
5,587,180.8095238095238,448.76190476190476,0,587,587
5,588,135.1818181818182,449.8181818181818,0,588,588
5,589,131.125,450.2916666666667,0,589,589
5,590,476.8888888888889,451.6666666666667,0,590,590
5,591,622.5,451.0,0,591,591
5,592,630.78125,450.78125,0,592,592
5,593,489.3142857142857,451.9142857142857,0,593,593
5,594,44.07142857142857,458.2142857142857,0,594,594
5,595,497.37931034482756,454.2068965517241,0,595,595
5,596,36.666666666666664,452.6969696969697,0,596,596
5,597,140.76344086021504,457.741935483871,0,597,597
5,598,88.25,458.7,0,598,598
5,599,102.82278481012658,456.8354430379747,0,599,599
5,600,481.42857142857144,457.42857142857144,0,600,600
5,601,484.61764705882354,459.6764705882353,0,601,601
5,602,20.217391304347824,459.5217391304348,0,602,602
5,603,33.627272727272725,461.0181818181818,0,603,603
5,604,99.0,461.5882352941176,0,604,604
5,605,493.2,460.0,0,605,605
5,606,134.25,461.125,0,606,606
5,607,628.1666666666666,461.1666666666667,0,607,607
5,608,23.366666666666667,462.5,0,608,608
5,609,623.3653846153846,461.2307692307692,0,609,609
5,610,12.806451612903226,462.96774193548384,0,610,610
5,611,91.875,463.125,0,611,611
5,612,492.90909090909093,464.09090909090907,0,612,612
5,613,619.7777777777778,464.8888888888889,0,613,613
5,614,143.23529411764707,464.8529411764706,0,614,614
5,615,211.28571428571428,465.0,0,615,615
5,616,20.166666666666668,466.1666666666667,0,616,616
5,617,420.2857142857143,467.0,0,617,617
5,618,215.5,468.40909090909093,0,618,618
5,619,573.2916666666666,468.0,0,619,619
5,620,16.3,468.96666666666664,0,620,620
5,621,27.833333333333332,469.1666666666667,0,621,621
5,622,35.0,469.2,0,622,622
5,623,339.60869565217394,469.0869565217391,0,623,623
5,624,25.5,470.0,0,624,624
5,625,102.0,469.5,0,625,625
5,626,216.0,471.75,0,626,626
5,627,562.25,470.32142857142856,0,627,627
5,628,144.36,471.48,0,628,628
5,629,351.0,471.25,0,629,629
5,630,35.0,472.5,0,630,630
5,631,342.95238095238096,473.1904761904762,0,631,631
5,632,261.8333333333333,474.1666666666667,0,632,632
5,633,204.0,474.8,0,633,633
5,634,214.0,475.5,0,634,634
5,635,254.86363636363637,475.95454545454544,0,635,635
5,636,416.52702702702703,476.7837837837838,0,636,636
5,637,352.2241379310345,475.1896551724138,0,637,637
5,638,425.4,476.4,0,638,638
5,639,566.6708860759494,478.59493670886076,0,639,639
5,640,208.5,478.7142857142857,0,640,640
5,641,205.3,480.4,0,641,641
5,642,347.42857142857144,482.2142857142857,0,642,642
5,643,194.66666666666666,481.8333333333333,0,643,643
5,644,556.0,481.5,0,644,644
5,645,261.25,482.375,0,645,645
5,646,210.35714285714286,484.07142857142856,0,646,646
5,647,251.86363636363637,485.6818181818182,0,647,647
5,648,410.7894736842105,487.0,0,648,648
5,649,257.6981132075472,487.75471698113205,0,649,649
5,650,198.83333333333334,488.72222222222223,0,650,650
5,651,212.93333333333334,489.76666666666665,0,651,651
5,652,247.88235294117646,489.5882352941176,0,652,652
5,653,417.5833333333333,489.7083333333333,0,653,653
5,654,263.925,492.05,0,654,654
5,655,201.46666666666667,492.53333333333336,0,655,655
5,656,251.125,502.3333333333333,0,656,656
6,1,154.0,17.5,0,1,1
6,2,31.3,21.7,0,2,2
6,3,148.2,28.4,0,3,3
6,4,81.9090909090909,29.636363636363637,0,4,4
6,5,154.0,29.0,0,5,5
6,6,38.4,30.2,0,6,6
6,7,141.71428571428572,29.642857142857142,0,7,7
6,8,399.6190476190476,31.047619047619047,0,8,8
6,9,520.4285714285714,30.714285714285715,0,9,9
6,10,528.5,31.5,0,10,10
6,11,72.5,31.5,0,11,11
6,12,29.5,33.0,0,12,12
6,13,156.4,33.266666666666666,0,13,13
6,14,159.0,32.5,0,14,14
6,15,483.88235294117646,33.588235294117645,0,15,15
6,16,149.0,34.285714285714285,0,16,16
6,17,152.63636363636363,34.90909090909091,0,17,17
6,18,40.388888888888886,36.27777777777778,0,18,18
6,19,407.51612903225805,36.903225806451616,0,19,19
6,20,606.4,37.8,0,20,20
6,21,30.666666666666668,38.888888888888886,0,21,21
6,22,49.0,40.0,0,22,22
6,23,402.2916666666667,40.208333333333336,0,23,23
6,24,473.5,40.0,0,24,24
6,25,480.375,40.15625,0,25,25
6,26,411.8888888888889,41.333333333333336,0,26,26
6,27,397.38235294117646,42.3235294117647,0,27,27
6,28,90.5,43.55,0,28,28
6,29,230.5,43.8,0,29,29
6,30,397.3076923076923,46.07692307692308,0,30,30
6,31,408.2631578947368,44.421052631578945,0,31,31
6,32,236.04166666666666,45.291666666666664,0,32,32
6,33,299.5,46.5,0,33,33
6,34,565.5,46.0,0,34,34
6,35,597.8,45.4,0,35,35
6,36,313.07547169811323,46.62264150943396,0,36,36
6,37,474.25,47.25,0,37,37
6,38,574.1666666666666,47.166666666666664,0,38,38
6,39,602.7735849056604,47.35849056603774,0,39,39
6,40,652.5,47.3125,0,40,40
6,41,484.09090909090907,47.63636363636363,0,41,41
6,42,240.34545454545454,51.09090909090909,0,42,42
6,43,606.7777777777778,49.72222222222222,0,43,43
6,44,300.0,53.5,0,44,44
6,45,242.8181818181818,55.54545454545455,0,45,45
6,46,579.3243243243244,56.432432432432435,0,46,46
6,47,656.2,56.5,0,47,47
6,48,247.5,57.5,0,48,48
6,49,308.56666666666666,56.666666666666664,0,49,49
6,50,531.9736842105264,57.421052631578945,0,50,50
6,51,573.875,56.875,0,51,51
6,52,524.75,59.375,0,52,52
6,53,187.2,60.4,0,53,53
6,54,197.3913043478261,61.43478260869565,0,54,54
6,55,192.14285714285714,62.114285714285714,0,55,55
6,56,628.7142857142857,62.42857142857143,0,56,56
6,57,636.6666666666666,63.25,0,57,57
6,58,630.2,64.8,0,58,58
6,59,534.5454545454545,66.21212121212122,0,59,59
6,60,192.66666666666666,69.46666666666667,0,60,60
6,61,643.625,70.25,0,61,61
6,62,23.6,70.2,0,62,62
6,63,12.08,74.72,0,63,63
6,64,20.094202898550726,77.0072463768116,0,64,64
6,65,342.0,78.0,0,65,65
6,66,347.0,78.0,0,66,66
6,67,391.0,78.0,0,67,67
6,68,399.1111111111111,79.33333333333333,0,68,68
6,69,339.0,82.0,0,69,69
6,70,403.7142857142857,82.0,0,70,70
6,71,336.3478260869565,86.3913043478261,0,71,71
6,72,326.6,87.7,0,72,72
6,73,396.44736842105266,87.5,0,73,73
6,74,404.56666666666666,87.73333333333333,0,74,74
6,75,331.0,89.0952380952381,0,75,75
6,76,333.8333333333333,88.66666666666667,0,76,76
6,77,342.1818181818182,89.81818181818181,0,77,77
6,78,400.05,90.05,0,78,78
6,79,411.5,90.5,0,79,79
6,80,382.0952380952381,91.9047619047619,0,80,80
6,81,386.3333333333333,90.66666666666667,0,81,81
6,82,289.6,91.8,0,82,82
6,83,339.5,93.25,0,83,83
6,84,383.0,96.0,0,84,84
6,85,503.25,95.0,0,85,85
6,86,118.02702702702703,96.32432432432432,0,86,86
6,87,137.14285714285714,95.71428571428571,0,87,87
6,88,128.0,96.0,0,88,88
6,89,224.125,96.875,0,89,89
6,90,291.34375,96.3125,0,90,90
6,91,511.5,97.0,0,91,91
6,92,218.5,97.8,0,92,92
6,93,296.7142857142857,98.0,0,93,93
6,94,151.66666666666666,98.80952380952381,0,94,94
6,95,395.5,99.0,0,95,95
6,96,23.7265625,98.171875,0,96,96
6,97,131.77011494252875,99.74712643678161,0,97,97
6,98,227.84615384615384,99.76923076923077,0,98,98
6,99,632.3333333333334,99.66666666666667,0,99,99
6,100,17.4,100.8,0,100,100
6,101,141.33333333333334,101.46666666666667,0,101,101
6,102,674.9555555555555,101.22222222222223,0,102,102
6,103,282.5,102.2,0,103,103
6,104,301.1,101.9,0,104,104
6,105,503.34615384615387,101.38461538461539,0,105,105
6,106,124.93333333333334,103.26666666666667,0,106,106
6,107,222.3,103.1,0,107,107
6,108,369.5263157894737,104.15789473684211,0,108,108
6,109,628.6304347826087,104.02173913043478,0,109,109
6,110,214.0,104.0,0,110,110
6,111,285.0,105.0,0,111,111
6,112,379.0,103.25,0,112,112
6,113,473.0,104.88888888888889,0,113,113
6,114,18.75,106.375,0,114,114
6,115,144.84615384615384,105.76923076923077,0,115,115
6,116,226.25,105.4375,0,116,116
6,117,625.25,105.0,0,117,117
6,118,666.2,105.6,0,118,118
6,119,676.35,106.0,0,119,119
6,120,376.625,105.75,0,120,120
6,121,391.5,105.5,0,121,121
6,122,292.58,106.96,0,122,122
6,123,516.96,107.96,0,123,123
6,124,379.59375,106.9375,0,124,124
6,125,499.5,107.66666666666667,0,125,125
6,126,504.2083333333333,107.25,0,126,126
6,127,383.27272727272725,109.0909090909091,0,127,127
6,128,576.4137931034483,109.34482758620689,0,128,128
6,129,622.625,110.0,0,129,129
6,130,210.28571428571428,109.5,0,130,130
6,131,614.0,109.8,0,131,131
6,132,289.46153846153845,111.84615384615384,0,132,132
6,133,506.7647058823529,111.1470588235294,0,133,133
6,134,670.0,110.69047619047619,0,134,134
6,135,80.5,111.5,0,135,135
6,136,558.2142857142857,112.71428571428571,0,136,136
6,137,616.5882352941177,111.94117647058823,0,137,137
6,138,466.0,112.25,0,138,138
6,139,76.8,113.65,0,139,139
6,140,240.25,113.5,0,140,140
6,141,552.6538461538462,114.34615384615384,0,141,141
6,142,301.6923076923077,114.46153846153847,0,142,142
6,143,548.8333333333334,114.83333333333333,0,143,143
6,144,612.4,115.2,0,144,144
6,145,136.5483870967742,116.7741935483871,0,145,145
6,146,572.5357142857143,115.57142857142857,0,146,146
6,147,69.42,118.48,0,147,147
6,148,470.90714285714284,117.30714285714286,0,148,148
6,149,571.0,117.75,0,149,149
6,150,619.125,116.875,0,150,150
6,151,228.0952380952381,119.23809523809524,0,151,151
6,152,507.5,118.5,0,152,152
6,153,80.5,120.0,0,153,153
6,154,128.125,119.125,0,154,154
6,155,238.9090909090909,119.63636363636364,0,155,155
6,156,556.5,120.0,0,156,156
6,157,551.5106382978723,120.29787234042553,0,157,157
6,158,613.3076923076923,121.07692307692308,0,158,158
6,159,72.7,121.7,0,159,159
6,160,132.57575757575756,122.3030303030303,0,160,160
6,161,139.9318181818182,123.3409090909091,0,161,161
6,162,230.26666666666668,123.2,0,162,162
6,163,459.5,123.0,0,163,163
6,164,241.83333333333334,122.83333333333333,0,164,164
6,165,63.68421052631579,125.23684210526316,0,165,165
6,166,68.0,125.0,0,166,166
6,167,335.0,125.06451612903226,0,167,167
6,168,338.75,125.0,0,168,168
6,169,344.61538461538464,124.61538461538461,0,169,169
6,170,77.38888888888889,126.33333333333333,0,170,170
6,171,470.2857142857143,127.22857142857143,0,171,171
6,172,61.875,129.5,0,172,172
6,173,241.69387755102042,127.53061224489795,0,173,173
6,174,127.0,129.25,0,174,174
6,175,235.0,128.25,0,175,175
6,176,326.61538461538464,131.07692307692307,0,176,176
6,177,233.51923076923077,131.59615384615384,0,177,177
6,178,338.0,131.21052631578948,0,178,178
6,179,569.7616279069767,136.66860465116278,0,179,179
6,180,563.125,132.875,0,180,180
6,181,347.3529411764706,134.0,0,181,181
6,182,333.4166666666667,138.29166666666666,0,182,182
6,183,547.5,139.5,0,183,183
6,184,338.2173913043478,142.3913043478261,0,184,184
6,185,544.0666666666667,138.78181818181818,0,185,185
6,186,158.1818181818182,147.0909090909091,0,186,186
6,187,167.71428571428572,146.40816326530611,0,187,187
6,188,392.3448275862069,146.72413793103448,0,188,188
6,189,160.28571428571428,148.14285714285714,0,189,189
6,190,206.77777777777777,146.44444444444446,0,190,190
6,191,383.61538461538464,149.3846153846154,0,191,191
6,192,65.4074074074074,150.07407407407408,0,192,192
6,193,176.28571428571428,149.42857142857142,0,193,193
6,194,372.0,149.875,0,194,194
6,195,92.82352941176471,152.11764705882354,0,195,195
6,196,213.16666666666666,150.83333333333334,0,196,196
6,197,444.0,151.28571428571428,0,197,197
6,198,174.6,151.93333333333334,0,198,198
6,199,209.92222222222222,153.06666666666666,0,199,199
6,200,219.75,154.0,0,200,200
6,201,375.6666666666667,153.92592592592592,0,201,201
6,202,56.6,155.2,0,202,202
6,203,102.8,154.4,0,203,203
6,204,217.0,155.2,0,204,204
6,205,105.22222222222223,155.44444444444446,0,205,205
6,206,438.0952380952381,156.33333333333334,0,206,206
6,207,449.6666666666667,157.11111111111111,0,207,207
6,208,162.1290322580645,158.25806451612902,0,208,208
6,209,290.72222222222223,158.0,0,209,209
6,210,379.0,157.71428571428572,0,210,210
6,211,49.125,158.875,0,211,211
6,212,278.85714285714283,158.71428571428572,0,212,212
6,213,367.14285714285717,159.1904761904762,0,213,213
6,214,61.22857142857143,159.94285714285715,0,214,214
6,215,65.375,160.25,0,215,215
6,216,95.25,160.0,0,216,216
6,217,103.47572815533981,160.58252427184465,0,217,217
6,218,398.2916666666667,160.41666666666666,0,218,218
6,219,444.5,159.71428571428572,0,219,219
6,220,285.3157894736842,160.31578947368422,0,220,220
6,221,431.5,160.71428571428572,0,221,221
6,222,174.140625,160.078125,0,222,222
6,223,205.5,161.5,0,223,223
6,224,385.42857142857144,162.14285714285714,0,224,224
6,225,165.9090909090909,163.36363636363637,0,225,225
6,226,214.5,163.0,0,226,226
6,227,394.15384615384613,162.6153846153846,0,227,227
6,228,110.22727272727273,165.5,0,228,228
6,229,114.23076923076923,165.53846153846155,0,229,229
6,230,281.54901960784315,163.7058823529412,0,230,230
6,231,49.333333333333336,165.96666666666667,0,231,231
6,232,102.78571428571429,166.64285714285714,0,232,232
6,233,431.46153846153845,166.94230769230768,0,233,233
6,234,446.0,166.5,0,234,234
6,235,278.3255813953488,169.90697674418604,0,235,235
6,236,62.241379310344826,170.20689655172413,0,236,236
6,237,70.08333333333333,170.11111111111111,0,237,237
6,238,421.4117647058824,171.58823529411765,0,238,238
6,239,429.40909090909093,172.27272727272728,0,239,239
6,240,67.4,173.2,0,240,240
6,241,288.11764705882354,171.58823529411765,0,241,241
6,242,315.2857142857143,172.0,0,242,242
6,243,27.636363636363637,174.45454545454547,0,243,243
6,244,323.8909090909091,177.5090909090909,0,244,244
6,245,467.8709677419355,177.1290322580645,0,245,245
6,246,28.609756097560975,180.609756097561,0,246,246
6,247,32.6,179.8,0,247,247
6,248,422.4,179.1,0,248,248
6,249,330.8333333333333,182.0,0,249,249
6,250,25.666666666666668,183.33333333333334,0,250,250
6,251,437.3333333333333,183.125,0,251,251
6,252,334.0,184.0,0,252,252
6,253,469.0,184.0,0,253,253
6,254,462.75,185.0,0,254,254
6,255,442.75,184.625,0,255,255
6,256,459.2463768115942,186.34782608695653,0,256,256
6,257,39.705882352941174,187.5,0,257,257
6,258,591.8,186.8,0,258,258
6,259,607.3409090909091,187.6590909090909,0,259,259
6,260,613.0,189.5,0,260,260
6,261,433.3478260869565,189.56521739130434,0,261,261
6,262,463.1666666666667,190.16666666666666,0,262,262
6,263,28.3,190.1,0,263,263
6,264,438.3333333333333,190.88888888888889,0,264,264
6,265,442.85,190.18333333333334,0,265,265
6,266,599.551724137931,191.82758620689654,0,266,266
6,267,34.0,192.0,0,267,267
6,268,446.2,194.6,0,268,268
6,269,460.5151515151515,196.24242424242425,0,269,269
6,270,597.0909090909091,196.8181818181818,0,270,270
6,271,507.325,195.5,0,271,271
6,272,439.6551724137931,197.27586206896552,0,272,272
6,273,358.3478260869565,204.69565217391303,0,273,273
6,274,495.04672897196264,204.09345794392524,0,274,274
6,275,501.55555555555554,203.77777777777777,0,275,275
6,276,518.0,205.5,0,276,276
6,277,362.73333333333335,208.53333333333333,0,277,277
6,278,495.8,210.7,0,278,278
6,279,281.5,211.33333333333334,0,279,279
6,280,355.2903225806452,211.1290322580645,0,280,280
6,281,187.88888888888889,211.66666666666666,0,281,281
6,282,360.53846153846155,211.84615384615384,0,282,282
6,283,554.6428571428571,212.21428571428572,0,283,283
6,284,345.1111111111111,214.66666666666666,0,284,284
6,285,487.0,214.82608695652175,0,285,285
6,286,184.0,216.71428571428572,0,286,286
6,287,189.25,217.5625,0,287,287
6,288,279.1111111111111,218.22222222222223,0,288,288
6,289,556.0416666666666,218.41666666666666,0,289,289
6,290,286.3606557377049,220.8360655737705,0,290,290
6,291,243.6551724137931,221.86206896551724,0,291,291
6,292,385.9764705882353,222.89411764705883,0,292,292
6,293,524.5454545454545,220.79545454545453,0,293,293
6,294,256.1875,220.1875,0,294,294
6,295,280.0,223.28571428571428,0,295,295
6,296,374.8333333333333,222.16666666666666,0,296,296
6,297,391.4736842105263,222.26315789473685,0,297,297
6,298,193.875,222.8,0,298,298
6,299,414.97435897435895,222.66666666666666,0,299,299
6,300,524.6666666666666,224.55555555555554,0,300,300
6,301,550.7234042553191,225.48936170212767,0,301,301
6,302,203.0909090909091,224.9090909090909,0,302,302
6,303,259.1666666666667,225.16666666666666,0,303,303
6,304,415.0,225.75,0,304,304
6,305,510.5,224.1875,0,305,305
6,306,622.2,225.0,0,306,306
6,307,285.75,227.375,0,307,307
6,308,554.7,226.3,0,308,308
6,309,251.06896551724137,226.2844827586207,0,309,309
6,310,367.94594594594594,229.11711711711712,0,310,310
6,311,635.75,226.95,0,311,311
6,312,190.59459459459458,227.94594594594594,0,312,312
6,313,358.2,227.6,0,313,313
6,314,363.57142857142856,226.71428571428572,0,314,314
6,315,381.3095238095238,229.11904761904762,0,315,315
6,316,515.25,226.625,0,316,316
6,317,376.7142857142857,229.0,0,317,317
6,318,198.96,229.6,0,318,318
6,319,423.48,230.48,0,319,319
6,320,625.3928571428571,230.32142857142858,0,320,320
6,321,356.2105263157895,230.94736842105263,0,321,321
6,322,381.75,232.375,0,322,322
6,323,411.280701754386,231.26315789473685,0,323,323
6,324,554.5833333333334,231.25,0,324,324
6,325,630.1538461538462,231.46153846153845,0,325,325
6,326,416.6,233.1,0,326,326
6,327,624.75,233.375,0,327,327
6,328,390.6,232.8,0,328,328
6,329,515.2340425531914,230.87234042553192,0,329,329
6,330,545.5294117647059,233.88235294117646,0,330,330
6,331,506.8181818181818,235.0,0,331,331
6,332,548.5454545454545,236.63636363636363,0,332,332
6,333,631.8181818181819,236.54545454545453,0,333,333
6,334,388.4,238.2,0,334,334
6,335,450.85714285714283,238.85714285714286,0,335,335
6,336,511.5813953488372,237.04651162790697,0,336,336
6,337,538.6153846153846,237.6153846153846,0,337,337
6,338,373.61538461538464,238.6153846153846,0,338,338
6,339,413.5357142857143,240.07142857142858,0,339,339
6,340,441.2857142857143,241.5,0,340,340
6,341,622.2068965517242,241.0,0,341,341
6,342,402.14285714285717,245.92857142857142,0,342,342
6,343,444.77142857142854,247.28571428571428,0,343,343
6,344,616.6666666666666,246.2,0,344,344
6,345,91.95454545454545,246.72727272727272,0,345,345
6,346,454.7843137254902,248.92156862745097,0,346,346
6,347,398.5,248.6,0,347,347
6,348,451.8333333333333,247.83333333333334,0,348,348
6,349,457.75,251.0,0,349,349
6,350,82.47422680412372,251.48453608247422,0,350,350
6,351,69.71428571428571,253.0,0,351,351
6,352,457.1666666666667,253.83333333333334,0,352,352
6,353,447.90909090909093,253.4318181818182,0,353,353
6,354,82.0,257.2857142857143,0,354,354
6,355,667.0,255.25,0,355,355
6,356,433.45454545454544,257.3636363636364,0,356,356
6,357,659.3846153846154,256.9230769230769,0,357,357
6,358,74.60240963855422,257.30120481927713,0,358,358
6,359,664.2916666666666,259.0,0,359,359
6,360,667.0,260.75,0,360,360
6,361,72.27272727272727,261.09090909090907,0,361,361
6,362,57.2,264.4,0,362,362
6,363,72.1,265.2,0,363,363
6,364,263.0,265.7142857142857,0,364,364
6,365,280.7,267.75,0,365,365
6,366,572.4615384615385,265.0769230769231,0,366,366
6,367,658.7142857142857,267.85714285714283,0,367,367
6,368,270.8,269.6666666666667,0,368,368
6,369,574.75,270.0,0,369,369
6,370,80.4090909090909,270.8636363636364,0,370,370
6,371,263.6666666666667,270.8641975308642,0,371,371
6,372,664.1612903225806,270.5967741935484,0,372,372
6,373,669.0,272.0,0,373,373
6,374,252.8,272.93333333333334,0,374,374
6,375,670.3333333333334,273.3333333333333,0,375,375
6,376,58.72,274.92,0,376,376
6,377,662.8,275.6,0,377,377
6,378,68.15822784810126,272.3987341772152,0,378,378
6,379,270.0,276.5,0,379,379
6,380,564.4444444444445,276.6666666666667,0,380,380
6,381,569.3766233766233,275.461038961039,0,381,381
6,382,663.3571428571429,278.35714285714283,0,382,382
6,383,61.041666666666664,281.125,0,383,383
6,384,661.9090909090909,282.7878787878788,0,384,384
6,385,462.2857142857143,286.6857142857143,0,385,385
6,386,459.56,293.4,0,386,386
6,387,329.1666666666667,297.53333333333336,0,387,387
6,388,325.0,298.0,0,388,388
6,389,340.2705882352941,298.08235294117645,0,389,389
6,390,450.68,298.2,0,390,390
6,391,464.42,298.74,0,391,391
6,392,460.1666666666667,299.8333333333333,0,392,392
6,393,454.8421052631579,302.90526315789475,0,393,393
6,394,339.0,303.75,0,394,394
6,395,576.125,304.875,0,395,395
6,396,382.5,306.0,0,396,396
6,397,622.3,306.9,0,397,397
6,398,377.54545454545456,309.3636363636364,0,398,398
6,399,389.0408163265306,312.59183673469386,0,399,399
6,400,565.5,312.5,0,400,400
6,401,571.8888888888889,311.6666666666667,0,401,401
6,402,624.6785714285714,315.10714285714283,0,402,402
6,403,389.1,316.6,0,403,403
6,404,373.0,317.5,0,404,404
6,405,561.8333333333334,318.1666666666667,0,405,405
6,406,573.5,318.5,0,406,406
6,407,515.25,317.625,0,407,407
6,408,566.4222222222222,319.1111111111111,0,408,408
6,409,619.3333333333334,321.9259259259259,0,409,409
6,410,385.2325581395349,322.43023255813955,0,410,410
6,411,513.6704545454545,322.96590909090907,0,411,411
6,412,501.7142857142857,326.0,0,412,412
6,413,241.66666666666666,328.25,0,413,413
6,414,506.0816326530612,327.59183673469386,0,414,414
6,415,551.8888888888889,330.1111111111111,0,415,415
6,416,514.1875,330.6875,0,416,416
6,417,235.7875,331.0875,0,417,417
6,418,560.6551724137931,330.7241379310345,0,418,418
6,419,240.28571428571428,332.57142857142856,0,419,419
6,420,311.9142857142857,332.54285714285714,0,420,420
6,421,619.8780487804878,334.6585365853659,0,421,421
6,422,241.14285714285714,337.14285714285717,0,422,422
6,423,585.25,337.25,0,423,423
6,424,200.66666666666666,338.6666666666667,0,424,424
6,425,232.69565217391303,338.7826086956522,0,425,425
6,426,317.8,338.5,0,426,426
6,427,235.6,341.2,0,427,427
6,428,243.88888888888889,341.3333333333333,0,428,428
6,429,327.34328358208955,341.7014925373134,0,429,429
6,430,573.8333333333334,339.8333333333333,0,430,430
6,431,625.6086956521739,341.0869565217391,0,431,431
6,432,576.056338028169,343.36619718309856,0,432,432
6,433,315.26666666666665,345.3333333333333,0,433,433
6,434,204.95348837209303,344.8488372093023,0,434,434
6,435,323.09090909090907,347.8181818181818,0,435,435
6,436,204.19565217391303,353.4347826086956,0,436,436
6,437,573.6153846153846,353.4423076923077,0,437,437
6,438,215.0,355.7142857142857,0,438,438
6,439,210.69411764705882,358.7529411764706,0,439,439
6,440,689.5,360.5,0,440,440
6,441,683.1818181818181,361.8181818181818,0,441,441
6,442,671.875,363.125,0,442,442
6,443,675.5,363.0,0,443,443
6,444,208.0,365.5,0,444,444
6,445,679.9642857142857,368.4107142857143,0,445,445
6,446,689.0,367.25,0,446,446
6,447,684.9166666666666,368.6666666666667,0,447,447
6,448,497.61538461538464,368.9230769230769,0,448,448
6,449,689.5769230769231,369.6923076923077,0,449,449
6,450,510.8070175438597,374.50877192982455,0,450,450
6,451,505.55,374.2,0,451,451
6,452,243.125,376.125,0,452,452
6,453,386.75,374.625,0,453,453
6,454,500.4166666666667,376.1388888888889,0,454,454
6,455,240.5,378.0,0,455,455
6,456,376.2,381.96,0,456,456
6,457,387.4807692307692,379.46153846153845,0,457,457
6,458,609.5882352941177,382.11764705882354,0,458,458
6,459,255.25,382.625,0,459,459
6,460,371.5,384.0,0,460,460
6,461,382.48571428571427,383.8,0,461,461
6,462,249.83333333333334,384.6666666666667,0,462,462
6,463,438.4117647058824,386.11764705882354,0,463,463
6,464,603.6666666666666,385.6666666666667,0,464,464
6,465,253.52631578947367,387.64912280701753,0,465,465
6,466,431.75,385.625,0,466,466
6,467,299.0,388.0,0,467,467
6,468,386.0,388.5,0,468,468
6,469,425.7142857142857,387.57142857142856,0,469,469
6,470,604.625,388.1875,0,470,470
6,471,609.5652173913044,388.69565217391306,0,471,471
6,472,133.33333333333334,388.6666666666667,0,472,472
6,473,376.89285714285717,389.67857142857144,0,473,473
6,474,141.260162601626,395.1219512195122,0,474,474
6,475,443.18518518518516,390.24074074074076,0,475,475
6,476,601.6,390.2,0,476,476
6,477,612.75,391.0,0,477,477
6,478,452.25,392.0,0,478,478
6,479,247.56666666666666,393.6333333333333,0,479,479
6,480,380.1333333333333,393.8,0,480,480
6,481,431.6788990825688,391.7798165137615,0,481,481
6,482,550.8275862068965,393.13793103448273,0,482,482
6,483,128.8421052631579,395.1578947368421,0,483,483
6,484,261.0,395.42857142857144,0,484,484
6,485,447.27777777777777,395.1666666666667,0,485,485
6,486,544.9896907216495,397.17525773195877,0,486,486
6,487,606.5,395.2857142857143,0,487,487
6,488,133.27450980392157,393.70588235294116,0,488,488
6,489,427.7142857142857,396.0,0,489,489
6,490,292.5,396.3,0,490,490
6,491,611.1481481481482,396.3703703703704,0,491,491
6,492,159.0379746835443,401.0759493670886,0,492,492
6,493,302.75,399.0,0,493,493
6,494,256.32608695652175,399.60869565217394,0,494,494
6,495,297.3333333333333,399.77777777777777,0,495,495
6,496,541.0,400.5,0,496,496
6,497,137.0,402.0,0,497,497
6,498,616.5,401.5,0,498,498
6,499,174.64285714285714,403.2142857142857,0,499,499
6,500,540.6363636363636,404.0,0,500,500
6,501,550.1818181818181,403.6363636363636,0,501,501
6,502,225.08333333333334,405.25,0,502,502
6,503,302.90909090909093,404.90909090909093,0,503,503
6,504,145.65217391304347,405.5652173913044,0,504,504
6,505,354.875,409.125,0,505,505
6,506,228.58064516129033,410.4516129032258,0,506,506
6,507,165.61261261261262,412.3693693693694,0,507,507
6,508,613.5,411.5,0,508,508
6,509,645.9782608695652,411.7608695652174,0,509,509
6,510,347.75,413.0,0,510,510
6,511,543.8333333333334,413.0,0,511,511
6,512,341.63492063492066,414.5238095238095,0,512,512
6,513,387.2857142857143,413.2857142857143,0,513,513
6,514,235.2,414.8,0,514,514
6,515,651.9230769230769,417.38461538461536,0,515,515
6,516,220.5681818181818,417.5,0,516,516
6,517,345.3,417.8,0,517,517
6,518,641.0222222222222,417.8222222222222,0,518,518
6,519,135.83870967741936,421.19354838709677,0,519,519
6,520,170.16666666666666,420.8333333333333,0,520,520
6,521,224.0,420.625,0,521,521
6,522,588.1034482758621,422.0,0,522,522
6,523,165.28571428571428,421.5,0,523,523
6,524,229.25454545454545,421.4,0,524,524
6,525,347.77142857142854,421.7142857142857,0,525,525
6,526,390.74074074074076,422.2962962962963,0,526,526
6,527,384.8666666666667,424.53333333333336,0,527,527
6,528,646.8125,423.6875,0,528,528
6,529,129.1,424.5,0,529,529
6,530,356.0,424.3333333333333,0,530,530
6,531,180.41666666666666,427.80555555555554,0,531,531
6,532,354.7894736842105,427.57894736842104,0,532,532
6,533,169.97727272727272,429.75,0,533,533
6,534,190.75,430.25,0,534,534
6,535,176.65384615384616,433.5,0,535,535
6,536,388.9032258064516,433.0,0,536,536
6,537,594.1818181818181,431.09090909090907,0,537,537
6,538,129.07070707070707,435.3939393939394,0,538,538
6,539,318.2,432.4,0,539,539
6,540,641.12,434.08,0,540,540
6,541,648.2173913043479,433.3478260869565,0,541,541
6,542,313.0153846153846,435.3538461538462,0,542,542
6,543,122.78571428571429,436.2142857142857,0,543,543
6,544,438.3478260869565,438.6630434782609,0,544,544
6,545,589.5,436.52564102564105,0,545,545
6,546,594.375,435.75,0,546,546
6,547,137.6888888888889,436.31111111111113,0,547,547
6,548,193.0909090909091,436.90909090909093,0,548,548
6,549,507.0,435.1666666666667,0,549,549
6,550,158.8,438.4,0,550,550
6,551,387.1363636363636,438.72727272727275,0,551,551
6,552,499.17241379310343,439.1034482758621,0,552,552
6,553,594.3571428571429,440.64285714285717,0,553,553
6,554,180.41666666666666,441.75,0,554,554
6,555,508.14285714285717,440.2987012987013,0,555,555
6,556,315.75,444.0,0,556,556
6,557,158.64285714285714,442.625,0,557,557
6,558,312.48387096774195,444.16129032258067,0,558,558
6,559,596.75,446.5833333333333,0,559,559
6,560,262.27777777777777,446.8888888888889,0,560,560
6,561,436.8076923076923,447.0769230769231,0,561,561
6,562,517.9347826086956,447.0217391304348,0,562,562
6,563,166.75,448.8,0,563,563
6,564,171.1891891891892,446.05405405405406,0,564,564
6,565,180.44444444444446,449.0740740740741,0,565,565
6,566,508.61290322580646,450.4193548387097,0,566,566
6,567,319.125,451.6666666666667,0,567,567
6,568,435.4646464646465,455.4343434343434,0,568,568
6,569,257.2352941176471,453.8235294117647,0,569,569
6,570,504.9,454.95,0,570,570
6,571,160.6,454.6,0,571,571
6,572,167.46938775510205,454.8775510204082,0,572,572
6,573,438.1666666666667,454.8333333333333,0,573,573
6,574,177.91666666666666,455.8333333333333,0,574,574
6,575,428.3125,458.90625,0,575,575
6,576,510.2857142857143,459.57142857142856,0,576,576
6,577,245.5,461.5,0,577,577
6,578,264.4,460.8,0,578,578
6,579,268.0,460.94736842105266,0,579,579
6,580,258.0833333333333,462.9404761904762,0,580,580
6,581,336.625,462.96875,0,581,581
6,582,269.0281690140845,469.7464788732394,0,582,582
6,583,343.375,467.0681818181818,0,583,583
6,584,261.77777777777777,472.5,0,584,584
6,585,350.6619718309859,472.07042253521126,0,585,585
6,586,380.03333333333336,472.53333333333336,0,586,586
6,587,560.375,478.25,0,587,587
6,588,388.5,479.5,0,588,588
6,589,272.5,481.5,0,589,589
6,590,560.4814814814815,483.8888888888889,0,590,590
6,591,392.219512195122,486.5121951219512,0,591,591
6,592,552.5,486.5,0,592,592
6,593,569.6153846153846,487.38461538461536,0,593,593
6,594,310.0,490.61290322580646,0,594,594
6,595,558.4814814814815,490.5925925925926,0,595,595
6,596,305.2,490.6,0,596,596
6,597,624.0,490.0,0,597,597
6,598,309.2352941176471,496.70588235294116,0,598,598
6,599,554.1818181818181,495.54545454545456,0,599,599
6,600,323.6666666666667,498.0,0,600,600
6,601,311.27272727272725,499.8181818181818,0,601,601
6,602,622.1153846153846,499.71153846153845,0,602,602
6,603,630.0512820512821,499.8205128205128,0,603,603
6,604,317.5,501.0,0,604,604
6,605,632.4705882352941,503.47058823529414,0,605,605
6,606,322.9166666666667,505.3833333333333,0,606,606
6,607,636.84,504.16,0,607,607
6,608,318.3,505.7,0,608,608
6,609,334.57575757575756,506.09090909090907,0,609,609
6,610,636.4285714285714,511.2857142857143,0,610,610
6,611,643.5619047619048,510.6666666666667,0,611,611
7,1,429.3,13.5,0,1,1
7,2,414.3636363636364,15.090909090909092,0,2,2
7,3,427.8333333333333,14.833333333333334,0,3,3
7,4,501.29411764705884,14.411764705882353,0,4,4
7,5,422.0,15.8,0,5,5
7,6,425.03846153846155,15.76923076923077,0,6,6
7,7,383.52,19.44,0,7,7
7,8,494.4,20.8,0,8,8
7,9,508.5,21.5,0,9,9
7,10,460.5,23.5,0,10,10
7,11,462.8,23.6,0,11,11
7,12,176.5,26.0,0,12,12
7,13,536.0,25.8,0,13,13
7,14,420.0,26.5,0,14,14
7,15,499.36842105263156,26.473684210526315,0,15,15
7,16,379.0,28.153846153846153,0,16,16
7,17,542.05,27.6,0,17,17
7,18,89.5,30.333333333333332,0,18,18
7,19,310.5,30.5,0,19,19
7,20,372.5,29.5,0,20,20
7,21,162.08695652173913,31.782608695652176,0,21,21
7,22,545.875,31.875,0,22,22
7,23,83.5625,34.5,0,23,23
7,24,532.0434782608696,34.69565217391305,0,24,24
7,25,100.66666666666667,34.8,0,25,25
7,26,312.48,34.52,0,26,26
7,27,73.33333333333333,37.46666666666667,0,27,27
7,28,147.33333333333334,37.333333333333336,0,28,28
7,29,180.2,37.5,0,29,29
7,30,266.6,35.4,0,30,30
7,31,375.90909090909093,36.36363636363637,0,31,31
7,32,474.1666666666667,36.166666666666664,0,32,32
7,33,78.0,37.25,0,33,33
7,34,157.8,38.6,0,34,34
7,35,190.5,38.5,0,35,35
7,36,308.3333333333333,37.666666666666664,0,36,36
7,37,74.0,40.75,0,37,37
7,38,529.9047619047619,39.61904761904762,0,38,38
7,39,81.07894736842105,40.21052631578947,0,39,39
7,40,314.2,41.4,0,40,40
7,41,168.07142857142858,41.214285714285715,0,41,41
7,42,174.015873015873,45.07936507936508,0,42,42
7,43,86.05555555555556,43.22222222222222,0,43,43
7,44,164.6818181818182,43.45454545454545,0,44,44
7,45,181.53846153846155,43.30769230769231,0,45,45
7,46,193.0,45.0,0,46,46
7,47,407.5,45.5,0,47,47
7,48,157.46428571428572,45.642857142857146,0,48,48
7,49,186.5,45.5,0,49,49
7,50,585.7333333333333,45.666666666666664,0,50,50
7,51,267.55172413793105,46.51724137931034,0,51,51
7,52,529.0,45.6875,0,52,52
7,53,402.62857142857143,47.6,0,53,53
7,54,177.28571428571428,49.57142857142857,0,54,54
7,55,193.07692307692307,50.30769230769231,0,55,55
7,56,157.4,51.8,0,56,56
7,57,163.90322580645162,50.25806451612903,0,57,57
7,58,181.0,51.77777777777778,0,58,58
7,59,265.125,51.875,0,59,59
7,60,585.8636363636364,51.54545454545455,0,60,60
7,61,389.5,52.5,0,61,61
7,62,206.28571428571428,54.0,0,62,62
7,63,430.125,54.125,0,63,63
7,64,197.2439024390244,55.829268292682926,0,64,64
7,65,404.27272727272725,55.18181818181818,0,65,65
7,66,432.5,55.5,0,66,66
7,67,182.75,56.4375,0,67,67
7,68,426.625,57.0625,0,68,68
7,69,174.64285714285714,57.857142857142854,0,69,69
7,70,385.7142857142857,59.0,0,70,70
7,71,586.3333333333334,58.44444444444444,0,71,71
7,72,390.0,61.333333333333336,0,72,72
7,73,423.0,61.0,0,73,73
7,74,430.125,61.125,0,74,74
7,75,427.6,62.2,0,75,75
7,76,581.8421052631579,64.26315789473684,0,76,76
7,77,588.4029850746268,63.507462686567166,0,77,77
7,78,388.5,64.5,0,78,78
7,79,411.61538461538464,65.38461538461539,0,79,79
7,80,117.08333333333333,66.33333333333333,0,80,80
7,81,419.7142857142857,66.38095238095238,0,81,81
7,82,131.57894736842104,66.89473684210526,0,82,82
7,83,393.7142857142857,67.0,0,83,83
7,84,345.25,69.0,0,84,84
7,85,136.28571428571428,71.14285714285714,0,85,85
7,86,335.0,71.61904761904762,0,86,86
7,87,382.1666666666667,71.16666666666667,0,87,87
7,88,393.0,70.5,0,88,88
7,89,329.6666666666667,71.73333333333333,0,89,89
7,90,122.46601941747574,68.59223300970874,0,90,90
7,91,430.54545454545456,74.63636363636364,0,91,91
7,92,117.11111111111111,75.02777777777777,0,92,92
7,93,341.53846153846155,75.0,0,93,93
7,94,345.14285714285717,78.57142857142857,0,94,94
7,95,124.25,79.0,0,95,95
7,96,658.3461538461538,80.53846153846153,0,96,96
7,97,127.6,81.2,0,97,97
7,98,672.5,82.0,0,98,98
7,99,282.9,82.3,0,99,99
7,100,279.1923076923077,85.38461538461539,0,100,100
7,101,480.75,85.09615384615384,0,101,101
7,102,112.5909090909091,87.25,0,102,102
7,103,288.0,84.55555555555556,0,103,103
7,104,469.05555555555554,85.75,0,104,104
7,105,122.95238095238095,87.14285714285714,0,105,105
7,106,276.25,87.0,0,106,106
7,107,116.375,87.75,0,107,107
7,108,132.71428571428572,87.5,0,108,108
7,109,656.3809523809524,87.16666666666667,0,109,109
7,110,655.3,90.7,0,110,110
7,111,665.7352941176471,89.19607843137256,0,111,111
7,112,277.64285714285717,90.14285714285714,0,112,112
7,113,289.2028985507246,89.3768115942029,0,113,113
7,114,467.43333333333334,93.81666666666666,0,114,114
7,115,280.25581395348837,94.62790697674419,0,115,115
7,116,456.0204081632653,95.79591836734694,0,116,116
7,117,113.5,95.5,0,117,117
7,118,297.27777777777777,96.61111111111111,0,118,118
7,119,662.3636363636364,95.45454545454545,0,119,119
7,120,549.7142857142857,96.57142857142857,0,120,120
7,121,569.1290322580645,96.70967741935483,0,121,121
7,122,205.9090909090909,97.63636363636364,0,122,122
7,123,677.5,98.28571428571429,0,123,123
7,124,31.074074074074073,100.44444444444444,0,124,124
7,125,554.7211538461538,101.07692307692308,0,125,125
7,126,455.39130434782606,101.43478260869566,0,126,126
7,127,561.375,101.25,0,127,127
7,128,101.9423076923077,102.26923076923077,0,128,128
7,129,366.79545454545456,101.86363636363636,0,129,129
7,130,565.0,103.0,0,130,130
7,131,214.0,104.0,0,131,131
7,132,544.6595744680851,104.34042553191489,0,132,132
7,133,23.136363636363637,105.0,0,133,133
7,134,31.594594594594593,107.24324324324324,0,134,134
7,135,90.5,106.5,0,135,135
7,136,202.5,105.86363636363636,0,136,136
7,137,357.74074074074076,106.4074074074074,0,137,137
7,138,10.709677419354838,107.87096774193549,0,138,138
7,139,344.42857142857144,106.71428571428571,0,139,139
7,140,484.125,108.125,0,140,140
7,141,481.3333333333333,108.66666666666667,0,141,141
7,142,96.11538461538461,110.3076923076923,0,142,142
7,143,225.5,110.36363636363636,0,143,143
7,144,353.42105263157896,110.6842105263158,0,144,144
7,145,372.9642857142857,109.42857142857143,0,145,145
7,146,491.44444444444446,110.0,0,146,146
7,147,23.54794520547945,112.0,0,147,147
7,148,214.8939393939394,112.57575757575758,0,148,148
7,149,104.6231884057971,110.27536231884058,0,149,149
7,150,159.31666666666666,114.46666666666667,0,150,150
7,151,208.6153846153846,111.61538461538461,0,151,151
7,152,477.1081081081081,114.17567567567568,0,152,152
7,153,29.875,113.08333333333333,0,153,153
7,154,201.0,113.5,0,154,154
7,155,570.6888888888889,114.6,0,155,155
7,156,20.25,115.0,0,156,156
7,157,167.2,114.8,0,157,157
7,158,178.0,114.25,0,158,158
7,159,364.79411764705884,115.26470588235294,0,159,159
7,160,464.2,115.66666666666667,0,160,160
7,161,471.42857142857144,114.71428571428571,0,161,161
7,162,481.2857142857143,115.0,0,162,162
7,163,488.0,115.0,0,163,163
7,164,99.07142857142857,117.19047619047619,0,164,164
7,165,177.40625,116.6875,0,165,165
7,166,226.3,115.9,0,166,166
7,167,212.0,119.0,0,167,167
7,168,426.10526315789474,120.1842105263158,0,168,168
7,169,561.6666666666666,121.03333333333333,0,169,169
7,170,416.25,122.0,0,170,170
7,171,419.27272727272725,122.36363636363636,0,171,171
7,172,90.1,123.1,0,172,172
7,173,153.42857142857142,122.28571428571429,0,173,173
7,174,182.0,123.5,0,174,174
7,175,94.9,123.45,0,175,175
7,176,150.55555555555554,124.77777777777777,0,176,176
7,177,159.05882352941177,124.17647058823529,0,177,177
7,178,97.96774193548387,125.6774193548387,0,178,178
7,179,426.1666666666667,125.83333333333333,0,179,179
7,180,556.8684210526316,126.73684210526316,0,180,180
7,181,565.0,127.19047619047619,0,181,181
7,182,545.8918918918919,128.6216216216216,0,182,182
7,183,561.4444444444445,128.44444444444446,0,183,183
7,184,86.53333333333333,128.86666666666667,0,184,184
7,185,176.84615384615384,129.46153846153845,0,185,185
7,186,184.9,128.45,0,186,186
7,187,162.86363636363637,130.45454545454547,0,187,187
7,188,416.8139534883721,130.7674418604651,0,188,188
7,189,491.17391304347825,132.34782608695653,0,189,189
7,190,635.8604651162791,132.32558139534885,0,190,190
7,191,426.7959183673469,130.3673469387755,0,191,191
7,192,488.25,133.0,0,192,192
7,193,95.36363636363636,136.6818181818182,0,193,193
7,194,424.15384615384613,136.46153846153845,0,194,194
7,195,155.0909090909091,136.9090909090909,0,195,195
7,196,171.46478873239437,137.29577464788733,0,196,196
7,197,499.3333333333333,136.66666666666666,0,197,197
7,198,419.24242424242425,138.27272727272728,0,198,198
7,199,496.2916666666667,139.5,0,199,199
7,200,491.38461538461536,141.76923076923077,0,200,200
7,201,155.0344827586207,142.79310344827587,0,201,201
7,202,425.0,143.5,0,202,202
7,203,634.578125,142.109375,0,203,203
7,204,399.16,144.68,0,204,204
7,205,629.1666666666666,144.11111111111111,0,205,205
7,206,492.0,144.25,0,206,206
7,207,18.5,144.05555555555554,0,207,207
7,208,404.0,146.5,0,208,208
7,209,95.53333333333333,146.53333333333333,0,209,209
7,210,282.6,147.2,0,210,210
7,211,624.7209302325581,146.1860465116279,0,211,211
7,212,112.0,147.03225806451613,0,212,212
7,213,408.8888888888889,148.59259259259258,0,213,213
7,214,493.2142857142857,147.17857142857142,0,214,214
7,215,83.25,147.625,0,215,215
7,216,412.0,149.0,0,216,216
7,217,108.23076923076923,150.6153846153846,0,217,217
7,218,279.5,149.5,0,218,218
7,219,339.030303030303,149.12121212121212,0,219,219
7,220,18.40740740740741,149.55555555555554,0,220,220
7,221,82.79166666666667,152.14583333333334,0,221,221
7,222,398.25,151.66666666666666,0,222,222
7,223,617.8387096774194,151.4516129032258,0,223,223
7,224,17.157894736842106,153.0,0,224,224
7,225,97.75,152.52631578947367,0,225,225
7,226,477.5,153.0,0,226,226
7,227,92.8,153.8,0,227,227
7,228,173.12,154.92,0,228,228
7,229,287.5,154.0,0,229,229
7,230,404.35,154.1,0,230,230
7,231,468.3211009174312,151.93577981651376,0,231,231
7,232,471.5,154.5,0,232,232
7,233,503.85714285714283,154.28571428571428,0,233,233
7,234,13.48,154.28,0,234,234
7,235,84.4,157.33333333333334,0,235,235
7,236,333.6,155.8,0,236,236
7,237,626.7272727272727,153.9090909090909,0,237,237
7,238,642.5714285714286,156.14285714285714,0,238,238
7,239,178.80555555555554,157.11111111111111,0,239,239
7,240,188.0,156.58823529411765,0,240,240
7,241,481.5833333333333,156.75,0,241,241
7,242,630.547619047619,156.04761904761904,0,242,242
7,243,173.0,157.75,0,243,243
7,244,295.85714285714283,156.28571428571428,0,244,244
7,245,343.0131578947368,159.39473684210526,0,245,245
7,246,406.77777777777777,159.66666666666666,0,246,246
7,247,444.11538461538464,158.84615384615384,0,247,247
7,248,10.714285714285714,159.0,0,248,248
7,249,90.22222222222223,160.33333333333334,0,249,249
7,250,194.28125,159.34375,0,250,250
7,251,178.77777777777777,161.44444444444446,0,251,251
7,252,467.77777777777777,161.11111111111111,0,252,252
7,253,291.36,158.88,0,253,253
7,254,401.53846153846155,160.84615384615384,0,254,254
7,255,436.76666666666665,161.03333333333333,0,255,255
7,256,283.5416666666667,161.29166666666666,0,256,256
7,257,475.84090909090907,162.6590909090909,0,257,257
7,258,593.0,161.2,0,258,258
7,259,449.0,161.35294117647058,0,259,259
7,260,14.938271604938272,162.0493827160494,0,260,260
7,261,177.0,164.0,0,261,261
7,262,186.63333333333333,164.13333333333333,0,262,262
7,263,46.35,164.0,0,263,263
7,264,154.76470588235293,165.47058823529412,0,264,264
7,265,291.1031746031746,166.22222222222223,0,265,265
7,266,644.9090909090909,165.36363636363637,0,266,266
7,267,32.07692307692308,165.76923076923077,0,267,267
7,268,338.17391304347825,166.0,0,268,268
7,269,382.96153846153845,166.26923076923077,0,269,269
7,270,146.04761904761904,166.71428571428572,0,270,270
7,271,197.1764705882353,167.52941176470588,0,271,271
7,272,40.21590909090909,165.67045454545453,0,272,272
7,273,283.7142857142857,168.0,0,273,273
7,274,348.54545454545456,167.36363636363637,0,274,274
7,275,298.5,169.66666666666666,0,275,275
7,276,436.7142857142857,169.42857142857142,0,276,276
7,277,442.37254901960785,168.7450980392157,0,277,277
7,278,587.4,170.24,0,278,278
7,279,642.8461538461538,170.42307692307693,0,279,279
7,280,42.2,172.26666666666668,0,280,280
7,281,347.030303030303,174.8181818181818,0,281,281
7,282,579.5909090909091,170.95454545454547,0,282,282
7,283,123.82608695652173,174.0,0,283,283
7,284,182.0,174.28571428571428,0,284,284
7,285,633.5714285714286,174.17857142857142,0,285,285
7,286,647.4528301886793,175.32075471698113,0,286,286
7,287,340.7142857142857,175.0,0,287,287
7,288,378.24074074074076,175.94444444444446,0,288,288
7,289,388.25,173.625,0,289,289
7,290,537.5555555555555,174.66666666666666,0,290,290
7,291,39.0625,175.79166666666666,0,291,291
7,292,150.21428571428572,174.35714285714286,0,292,292
7,293,145.05714285714285,179.43571428571428,0,293,293
7,294,577.9268292682926,177.29268292682926,0,294,294
7,295,587.375,177.75,0,295,295
7,296,623.7272727272727,177.84848484848484,0,296,296
7,297,24.704918032786885,179.72131147540983,0,297,297
7,298,583.8666666666667,178.84444444444443,0,298,298
7,299,113.0,180.34615384615384,0,299,299
7,300,296.09302325581393,179.93023255813952,0,300,300
7,301,347.35714285714283,181.35714285714286,0,301,301
7,302,529.6363636363636,179.9090909090909,0,302,302
7,303,631.6842105263158,180.18421052631578,0,303,303
7,304,648.0952380952381,182.1904761904762,0,304,304
7,305,435.96774193548384,180.3548387096774,0,305,305
7,306,453.5833333333333,181.375,0,306,306
7,307,539.3243243243244,181.48648648648648,0,307,307
7,308,575.15,182.1,0,308,308
7,309,596.4,180.96,0,309,309
7,310,440.625,181.75,0,310,310
7,311,345.64285714285717,183.64285714285714,0,311,311
7,312,388.3818181818182,181.4909090909091,0,312,312
7,313,454.2857142857143,185.0,0,313,313
7,314,137.86363636363637,185.27272727272728,0,314,314
7,315,446.8265306122449,182.46938775510205,0,315,315
7,316,584.8780487804878,185.9512195121951,0,316,316
7,317,638.75,185.25,0,317,317
7,318,642.6,184.8,0,318,318
7,319,122.4,185.04,0,319,319
7,320,635.4444444444445,185.88888888888889,0,320,320
7,321,114.61290322580645,186.51612903225808,0,321,321
7,322,129.58823529411765,187.11764705882354,0,322,322
7,323,176.25,185.625,0,323,323
7,324,393.8,187.1,0,324,324
7,325,435.46666666666664,187.13333333333333,0,325,325
7,326,534.7272727272727,186.8181818181818,0,326,326
7,327,106.66666666666667,186.93333333333334,0,327,327
7,328,529.3636363636364,188.0909090909091,0,328,328
7,329,632.0,187.25,0,329,329
7,330,629.1428571428571,188.57142857142858,0,330,330
7,331,110.22727272727273,190.1818181818182,0,331,331
7,332,387.75,191.96875,0,332,332
7,333,441.84615384615387,189.84615384615384,0,333,333
7,334,130.76923076923077,190.92307692307693,0,334,334
7,335,172.71428571428572,190.57142857142858,0,335,335
7,336,379.875,191.33333333333334,0,336,336
7,337,450.5,191.28571428571428,0,337,337
7,338,541.421052631579,190.26315789473685,0,338,338
7,339,571.969696969697,192.15151515151516,0,339,339
7,340,578.05,191.25,0,340,340
7,341,530.6,192.3,0,341,341
7,342,391.0,193.0,0,342,342
7,343,182.25,195.375,0,343,343
7,344,178.1,191.9,0,344,344
7,345,537.75,196.0,0,345,345
7,346,543.5294117647059,198.11764705882354,0,346,346
7,347,171.0,200.55555555555554,0,347,347
7,348,187.53333333333333,199.66666666666666,0,348,348
7,349,521.4545454545455,198.45454545454547,0,349,349
7,350,102.625,199.40625,0,350,350
7,351,183.5,201.0,0,351,351
7,352,502.8333333333333,200.83333333333334,0,352,352
7,353,533.578947368421,199.3684210526316,0,353,353
7,354,246.8108108108108,204.83783783783784,0,354,354
7,355,173.3846153846154,205.92307692307693,0,355,355
7,356,512.0,205.0,0,356,356
7,357,242.65,207.5,0,357,357
7,358,42.68571428571428,209.17142857142858,0,358,358
7,359,55.95238095238095,209.38095238095238,0,359,359
7,360,506.0882352941176,209.26470588235293,0,360,360
7,361,518.3846153846154,210.3846153846154,0,361,361
7,362,36.833333333333336,211.26666666666668,0,362,362
7,363,152.0983606557377,211.29508196721312,0,363,363
7,364,249.0,210.82608695652175,0,364,364
7,365,49.73684210526316,212.26315789473685,0,365,365
7,366,162.48,211.52,0,366,366
7,367,504.8333333333333,212.83333333333334,0,367,367
7,368,499.25,212.625,0,368,368
7,369,53.473684210526315,214.42105263157896,0,369,369
7,370,161.0,215.0,0,370,370
7,371,170.28571428571428,215.5,0,371,371
7,372,271.1,216.0,0,372,372
7,373,275.2,215.0,0,373,373
7,374,511.09090909090907,214.63636363636363,0,374,374
7,375,515.0526315789474,215.21052631578948,0,375,375
7,376,39.81395348837209,216.86046511627907,0,376,376
7,377,146.77272727272728,215.22727272727272,0,377,377
7,378,268.0,216.25,0,378,378
7,379,141.9142857142857,218.54285714285714,0,379,379
7,380,47.642857142857146,220.0952380952381,0,380,380
7,381,168.8,218.4,0,381,381
7,382,241.0,220.0,0,382,382
7,383,244.9318181818182,217.57954545454547,0,383,383
7,384,493.14285714285717,219.28571428571428,0,384,384
7,385,507.0,219.0,0,385,385
7,386,153.07407407407408,220.8148148148148,0,386,386
7,387,167.875,220.875,0,387,387
7,388,246.0,223.35294117647058,0,388,388
7,389,657.7142857142857,221.0,0,389,389
7,390,264.6666666666667,221.66666666666666,0,390,390
7,391,661.3888888888889,222.16666666666666,0,391,391
7,392,420.0,225.5,0,392,392
7,393,507.0,225.0,0,393,393
7,394,516.6666666666666,224.44444444444446,0,394,394
7,395,148.93333333333334,225.83333333333334,0,395,395
7,396,245.76,227.6,0,396,396
7,397,467.037037037037,227.7037037037037,0,397,397
7,398,502.4,225.8,0,398,398
7,399,278.72727272727275,227.72727272727272,0,399,399
7,400,404.09090909090907,228.63636363636363,0,400,400
7,401,267.57894736842104,230.10526315789474,0,401,401
7,402,275.3333333333333,229.0,0,402,402
7,403,495.0261437908497,234.98039215686273,0,403,403
7,404,241.0,230.25,0,404,404
7,405,408.48275862068965,230.58620689655172,0,405,405
7,406,489.7142857142857,231.28571428571428,0,406,406
7,407,503.4888888888889,231.51111111111112,0,407,407
7,408,139.47692307692307,233.2,0,408,408
7,409,416.25,233.2,0,409,409
7,410,465.875,232.875,0,410,410
7,411,502.0,234.0,0,411,411
7,412,658.0869565217391,234.58695652173913,0,412,412
7,413,418.0,235.75,0,413,413
7,414,506.0,236.5,0,414,414
7,415,280.75,237.0,0,415,415
7,416,264.95454545454544,237.72727272727272,0,416,416
7,417,274.4175824175824,237.32967032967034,0,417,417
7,418,405.4318181818182,237.97727272727272,0,418,418
7,419,411.0,238.30769230769232,0,419,419
7,420,464.75,238.625,0,420,420
7,421,501.2857142857143,239.0,0,421,421
7,422,460.96363636363634,241.76363636363635,0,422,422
7,423,505.0,240.71428571428572,0,423,423
7,424,398.38461538461536,241.69230769230768,0,424,424
7,425,261.5,244.0,0,425,425
7,426,514.8518518518518,244.55555555555554,0,426,426
7,427,655.6176470588235,243.76470588235293,0,427,427
7,428,209.11363636363637,246.0909090909091,0,428,428
7,429,213.375,246.25,0,429,429
7,430,567.6666666666666,245.66666666666666,0,430,430
7,431,456.6774193548387,247.6451612903226,0,431,431
7,432,606.0,247.5,0,432,432
7,433,100.36363636363636,248.0,0,433,433
7,434,405.85,248.25,0,434,434
7,435,466.8378378378378,248.35135135135135,0,435,435
7,436,571.58,248.3,0,436,436
7,437,494.0,248.5,0,437,437
7,438,118.31818181818181,252.22727272727272,0,438,438
7,439,508.54545454545456,249.1818181818182,0,439,439
7,440,569.25,251.375,0,440,440
7,441,96.11111111111111,250.94444444444446,0,441,441
7,442,514.6428571428571,251.03571428571428,0,442,442
7,443,519.3684210526316,250.8421052631579,0,443,443
7,444,106.10483870967742,254.1290322580645,0,444,444
7,445,319.625,250.5,0,445,445
7,446,492.5,252.5,0,446,446
7,447,500.0,252.25,0,447,447
7,448,114.0,254.25,0,448,448
7,449,206.82203389830508,256.20338983050846,0,449,449
7,450,512.0,254.25,0,450,450
7,451,608.4,253.96,0,451,451
7,452,456.8125,255.375,0,452,452
7,453,101.55555555555556,256.0,0,453,453
7,454,317.20754716981133,255.1509433962264,0,454,454
7,455,329.53846153846155,255.15384615384616,0,455,455
7,456,574.375,256.15625,0,456,456
7,457,504.84375,255.29166666666666,0,457,457
7,458,612.8260869565217,257.0,0,458,458
7,459,600.9230769230769,258.4230769230769,0,459,459
7,460,562.5882352941177,258.88235294117646,0,460,460
7,461,496.3333333333333,259.73333333333335,0,461,461
7,462,328.45283018867923,260.77358490566036,0,462,462
7,463,501.5,261.5,0,463,463
7,464,508.1111111111111,261.27777777777777,0,464,464
7,465,569.0344827586207,261.7931034482759,0,465,465
7,466,115.125,260.6458333333333,0,466,466
7,467,609.0,262.2,0,467,467
7,468,329.0,264.75,0,468,468
7,469,500.3333333333333,263.6666666666667,0,469,469
7,470,604.7,263.275,0,470,470
7,471,498.5,265.5,0,471,471
7,472,563.5,264.5,0,472,472
7,473,167.25,266.0,0,473,473
7,474,495.75,266.375,0,474,474
7,475,598.4,266.0,0,475,475
7,476,245.5,267.5,0,476,476
7,477,554.8333333333334,266.8333333333333,0,477,477
7,478,568.0,265.7142857142857,0,478,478
7,479,169.87037037037038,267.9074074074074,0,479,479
7,480,559.7906976744187,267.51162790697674,0,480,480
7,481,236.5,269.5,0,481,481
7,482,322.7261904761905,272.07142857142856,0,482,482
7,483,317.27272727272725,270.90909090909093,0,483,483
7,484,484.5,270.0769230769231,0,484,484
7,485,509.35714285714283,270.2142857142857,0,485,485
7,486,504.1666666666667,272.1666666666667,0,486,486
7,487,566.8333333333334,272.7307692307692,0,487,487
7,488,459.23809523809524,272.6190476190476,0,488,488
7,489,500.825,273.325,0,489,489
7,490,606.25,272.5833333333333,0,490,490
7,491,275.6,275.2,0,491,491
7,492,163.2,274.8,0,492,492
7,493,330.7647058823529,275.94117647058823,0,493,493
7,494,550.6666666666666,276.4,0,494,494
7,495,241.5,276.5,0,495,495
7,496,325.6666666666667,278.1111111111111,0,496,496
7,497,334.7826086956522,277.1304347826087,0,497,497
7,498,491.125,278.06944444444446,0,498,498
7,499,553.6666666666666,277.0,0,499,499
7,500,502.0,279.1363636363636,0,500,500
7,501,164.63114754098362,277.9016393442623,0,501,501
7,502,252.32258064516128,281.61290322580646,0,502,502
7,503,464.8787878787879,280.6969696969697,0,503,503
7,504,241.84615384615384,281.8076923076923,0,504,504
7,505,272.3235294117647,283.2647058823529,0,505,505
7,506,460.6521739130435,283.4347826086956,0,506,506
7,507,551.5,283.5,0,507,507
7,508,591.52,283.4,0,508,508
7,509,235.14705882352942,282.9264705882353,0,509,509
7,510,278.6521739130435,283.60869565217394,0,510,510
7,511,319.125,283.3333333333333,0,511,511
7,512,393.89473684210526,283.2631578947368,0,512,512
7,513,399.94117647058823,283.7647058823529,0,513,513
7,514,457.92857142857144,285.2142857142857,0,514,514
7,515,247.609756097561,284.9512195121951,0,515,515
7,516,408.6,287.2,0,516,516
7,517,391.52,288.76,0,517,517
7,518,401.7083333333333,288.0416666666667,0,518,518
7,519,594.2702702702703,288.1621621621622,0,519,519
7,520,607.4,288.75,0,520,520
7,521,455.52830188679246,289.39622641509436,0,521,521
7,522,272.0,291.2,0,522,522
7,523,294.3333333333333,290.8333333333333,0,523,523
7,524,387.875,291.375,0,524,524
7,525,110.5,293.0,0,525,525
7,526,119.75,293.0,0,526,526
7,527,267.64516129032256,293.3225806451613,0,527,527
7,528,292.48,294.4,0,528,528
7,529,588.972972972973,295.0,0,529,529
7,530,598.0344827586207,295.37931034482756,0,530,530
7,531,74.5,296.60714285714283,0,531,531
7,532,276.65384615384613,295.65384615384613,0,532,532
7,533,437.7,295.7,0,533,533
7,534,425.3,297.18,0,534,534
7,535,118.28846153846153,296.71153846153845,0,535,535
7,536,296.4347826086956,298.54347826086956,0,536,536
7,537,369.46153846153845,298.53846153846155,0,537,537
7,538,460.7878787878788,297.8484848484849,0,538,538
7,539,90.13725490196079,298.921568627451,0,539,539
7,540,365.14285714285717,299.7142857142857,0,540,540
7,541,119.0,301.44444444444446,0,541,541
7,542,651.8148148148148,299.77777777777777,0,542,542
7,543,71.5,302.0,0,543,543
7,544,433.0,302.0,0,544,544
7,545,81.86666666666666,303.2,0,545,545
7,546,301.0,304.5,0,546,546
7,547,93.0952380952381,305.0,0,547,547
7,548,112.36666666666666,305.3666666666667,0,548,548
7,549,273.46666666666664,305.8666666666667,0,549,549
7,550,376.9347826086956,305.0869565217391,0,550,550
7,551,416.75,304.0,0,551,551
7,552,105.5,306.5,0,552,552
7,553,71.6,306.8,0,553,553
7,554,425.3921568627451,309.6862745098039,0,554,554
7,555,651.6065573770492,310.04918032786884,0,555,555
7,556,659.2222222222222,307.962962962963,0,556,556
7,557,296.7857142857143,308.2857142857143,0,557,557
7,558,289.875,310.3333333333333,0,558,558
7,559,367.375,309.75,0,559,559
7,560,432.75,309.625,0,560,560
7,561,120.88888888888889,310.44444444444446,0,561,561
7,562,153.28571428571428,314.0,0,562,562
7,563,93.5,314.5,0,563,563
7,564,113.34883720930233,313.25581395348837,0,564,564
7,565,360.12,313.76,0,565,565
7,566,428.2857142857143,314.57142857142856,0,566,566
7,567,108.18181818181819,314.90909090909093,0,567,567
7,568,365.6388888888889,315.9166666666667,0,568,568
7,569,247.55555555555554,318.1111111111111,0,569,569
7,570,251.0,316.5,0,570,570
7,571,645.8965517241379,316.6896551724138,0,571,571
7,572,371.5,317.5,0,572,572
7,573,221.0,318.3529411764706,0,573,573
7,574,288.8,321.0,0,574,574
7,575,434.1666666666667,321.8333333333333,0,575,575
7,576,655.0843373493976,319.6385542168675,0,576,576
7,577,151.8,321.3,0,577,577
7,578,242.75,322.0,0,578,578
7,579,426.70588235294116,321.97058823529414,0,579,579
7,580,228.0609756097561,324.7439024390244,0,580,580
7,581,259.25925925925924,327.41975308641975,0,581,581
7,582,166.5,325.0,0,582,582
7,583,221.3,324.8,0,583,583
7,584,347.2,324.6,0,584,584
7,585,264.1666666666667,325.8333333333333,0,585,585
7,586,352.375,326.25,0,586,586
7,587,410.5,327.0,0,587,587
7,588,422.3,325.4,0,588,588
7,589,29.285714285714285,328.0,0,589,589
7,590,147.47619047619048,328.3809523809524,0,590,590
7,591,341.5,329.0,0,591,591
7,592,421.02777777777777,329.5,0,592,592
7,593,469.1,330.3,0,593,593
7,594,22.919540229885058,331.37931034482756,0,594,594
7,595,348.95454545454544,331.77272727272725,0,595,595
7,596,162.33898305084745,331.1525423728813,0,596,596
7,597,409.1666666666667,331.72222222222223,0,597,597
7,598,425.40909090909093,332.3181818181818,0,598,598
7,599,92.0909090909091,332.90909090909093,0,599,599
7,600,473.375,332.1875,0,600,600
7,601,247.4375,333.6458333333333,0,601,601
7,602,362.14444444444445,333.0777777777778,0,602,602
7,603,15.5,336.125,0,603,603
7,604,418.9230769230769,335.2692307692308,0,604,604
7,605,578.8333333333334,334.5,0,605,605
7,606,37.028985507246375,336.8985507246377,0,606,606
7,607,245.25,337.375,0,607,607
7,608,465.6,336.4,0,608,608
7,609,154.7941176470588,336.20588235294116,0,609,609
7,610,499.5882352941176,337.2352941176471,0,610,610
7,611,583.0731707317074,336.4634146341463,0,611,611
7,612,97.88,337.8,0,612,612
7,613,355.2857142857143,337.85714285714283,0,613,613
7,614,75.65384615384616,339.65384615384613,0,614,614
7,615,83.25641025641026,339.2307692307692,0,615,615
7,616,515.8888888888889,339.0,0,616,616
7,617,41.285714285714285,340.42857142857144,0,617,617
7,618,102.38461538461539,340.2307692307692,0,618,618
7,619,472.1666666666667,340.54761904761904,0,619,619
7,620,87.75,341.0,0,620,620
7,621,94.10526315789474,341.39473684210526,0,621,621
7,622,208.9,341.1,0,622,622
7,623,155.04347826086956,343.0869565217391,0,623,623
7,624,222.53333333333333,341.3333333333333,0,624,624
7,625,242.875,342.125,0,625,625
7,626,510.47058823529414,342.9117647058824,0,626,626
7,627,282.0,343.25,0,627,627
7,628,243.33333333333334,345.3333333333333,0,628,628
7,629,288.0,345.0,0,629,629
7,630,475.5,345.5,0,630,630
7,631,13.875,345.75,0,631,631
7,632,250.20634920634922,345.26984126984127,0,632,632
7,633,256.019801980198,350.0792079207921,0,633,633
7,634,470.3333333333333,345.875,0,634,634
7,635,481.5,345.5,0,635,635
7,636,207.5,346.625,0,636,636
7,637,516.2758620689655,346.2758620689655,0,637,637
7,638,580.8,345.75,0,638,638
7,639,257.5,346.5,0,639,639
7,640,588.0175438596491,348.140350877193,0,640,640
7,641,152.92156862745097,350.03921568627453,0,641,641
7,642,405.89473684210526,349.2105263157895,0,642,642
7,643,510.17391304347825,349.0,0,643,643
7,644,578.7,348.5,0,644,644
7,645,594.1538461538462,348.61538461538464,0,645,645
7,646,142.2,350.85,0,646,646
7,647,279.859649122807,351.62573099415204,0,647,647
7,648,575.24,350.28,0,648,648
7,649,17.2,350.4,0,649,649
7,650,136.0,350.11764705882354,0,650,650
7,651,476.4117647058824,350.88235294117646,0,651,651
7,652,503.61538461538464,351.61538461538464,0,652,652
7,653,147.0,351.5,0,653,653
7,654,156.16666666666666,351.8333333333333,0,654,654
7,655,216.65454545454546,352.0181818181818,0,655,655
7,656,292.1578947368421,353.5263157894737,0,656,656
7,657,412.6666666666667,352.06060606060606,0,657,657
7,658,208.32394366197184,354.71830985915494,0,658,658
7,659,140.0,354.90909090909093,0,659,659
7,660,158.68,356.78,0,660,660
7,661,223.5,354.8,0,661,661
7,662,286.30434782608694,354.69565217391306,0,662,662
7,663,572.7142857142857,354.7142857142857,0,663,663
7,664,142.66666666666666,355.8333333333333,0,664,664
7,665,508.0,356.0,0,665,665
7,666,423.7142857142857,357.7857142857143,0,666,666
7,667,591.75,355.625,0,667,667
7,668,144.28571428571428,358.5,0,668,668
7,669,412.31666666666666,357.8333333333333,0,669,669
7,670,418.5945945945946,359.72972972972974,0,670,670
7,671,581.7096774193549,357.8709677419355,0,671,671
7,672,592.5,359.39473684210526,0,672,672
7,673,160.2,361.9,0,673,673
7,674,356.9259259259259,359.5925925925926,0,674,674
7,675,503.4923076923077,359.6923076923077,0,675,675
7,676,492.6363636363636,362.09090909090907,0,676,676
7,677,584.0714285714286,362.14285714285717,0,677,677
7,678,144.75,361.625,0,678,678
7,679,419.0,363.75,0,679,679
7,680,587.5,364.0,0,680,680
7,681,152.9,365.1,0,681,681
7,682,143.56626506024097,366.421686746988,0,682,682
7,683,353.0,366.25,0,683,683
7,684,500.51724137931035,366.62068965517244,0,684,684
7,685,497.42857142857144,368.57142857142856,0,685,685
7,686,297.0,371.44444444444446,0,686,686
7,687,59.5,372.0,0,687,687
7,688,304.3333333333333,370.3333333333333,0,688,688
7,689,301.25,375.0,0,689,689
7,690,355.8082191780822,372.5342465753425,0,690,690
7,691,381.6666666666667,375.8888888888889,0,691,691
7,692,292.65,377.2,0,692,692
7,693,303.4230769230769,375.34615384615387,0,693,693
7,694,406.8,380.0,0,694,694
7,695,59.02857142857143,380.57142857142856,0,695,695
7,696,64.0,381.1923076923077,0,696,696
7,697,173.73076923076923,380.46153846153845,0,697,697
7,698,364.5,381.5,0,698,698
7,699,66.57142857142857,383.2857142857143,0,699,699
7,700,290.5,383.5,0,700,700
7,701,624.8888888888889,383.22222222222223,0,701,701
7,702,385.0,383.5,0,702,702
7,703,48.15873015873016,385.1111111111111,0,703,703
7,704,162.2,384.0,0,704,704
7,705,42.625,386.25,0,705,705
7,706,155.71428571428572,386.42857142857144,0,706,706
7,707,169.28571428571428,385.42857142857144,0,707,707
7,708,176.08333333333334,386.6666666666667,0,708,708
7,709,303.9550561797753,383.07865168539325,0,709,709
7,710,353.0,385.62068965517244,0,710,710
7,711,360.15384615384613,385.65384615384613,0,711,711
7,712,636.0,386.25,0,712,712
7,713,393.0127388535032,383.9808917197452,0,713,713
7,714,626.8461538461538,387.8076923076923,0,714,714
7,715,161.73417721518987,387.253164556962,0,715,715
7,716,313.55555555555554,389.22222222222223,0,716,716
7,717,228.72727272727272,388.5,0,717,717
7,718,363.8333333333333,389.8333333333333,0,718,718
7,719,647.5555555555555,390.22222222222223,0,719,719
7,720,403.51428571428573,389.3142857142857,0,720,720
7,721,152.875,391.125,0,721,721
7,722,158.92857142857142,393.0,0,722,722
7,723,232.11764705882354,394.00735294117646,0,723,723
7,724,637.9574468085107,389.7340425531915,0,724,724
7,725,222.75,392.9166666666667,0,725,725
7,726,357.76190476190476,394.1904761904762,0,726,726
7,727,618.4375,394.375,0,727,727
7,728,657.8857142857142,395.37142857142857,0,728,728
7,729,155.5,395.0,0,729,729
7,730,298.75,393.625,0,730,730
7,731,311.1794871794872,392.56410256410254,0,731,731
7,732,219.41666666666666,396.0833333333333,0,732,732
7,733,429.5151515151515,394.72727272727275,0,733,733
7,734,299.09375,396.5,0,734,734
7,735,383.6470588235294,395.38235294117646,0,735,735
7,736,153.0,398.2,0,736,736
7,737,667.6,399.6666666666667,0,737,737
7,738,652.5909090909091,403.47727272727275,0,738,738
7,739,663.2,403.0,0,739,739
7,740,528.6896551724138,403.17241379310343,0,740,740
7,741,665.75,404.0,0,741,741
7,742,428.92857142857144,405.5357142857143,0,742,742
7,743,441.1818181818182,405.54545454545456,0,743,743
7,744,655.0,406.75,0,744,744
7,745,404.74074074074076,408.0,0,745,745
7,746,80.08108108108108,409.0810810810811,0,746,746
7,747,661.1470588235294,409.8235294117647,0,747,747
7,748,407.5263157894737,412.2631578947368,0,748,748
7,749,429.75,412.05,0,749,749
7,750,71.15,414.125,0,750,750
7,751,436.5964912280702,414.49122807017545,0,751,751
7,752,74.375,415.75,0,752,752
7,753,403.3292682926829,419.9146341463415,0,753,753
7,754,433.55555555555554,416.0,0,754,754
7,755,537.375,415.75,0,755,755
7,756,61.285714285714285,419.0357142857143,0,756,756
7,757,68.44827586206897,419.13793103448273,0,757,757
7,758,398.5,418.0,0,758,758
7,759,442.375,416.875,0,759,759
7,760,408.5,420.0,0,760,760
7,761,442.5,420.0,0,761,761
7,762,395.38461538461536,420.46153846153845,0,762,762
7,763,533.1238938053098,415.60176991150445,0,763,763
7,764,117.4,422.4,0,764,764
7,765,432.88235294117646,421.5882352941176,0,765,765
7,766,377.0,423.0,0,766,766
7,767,442.42857142857144,423.2857142857143,0,767,767
7,768,53.0,423.25,0,768,768
7,769,136.8,423.6,0,769,769
7,770,140.0,424.5,0,770,770
7,771,360.32142857142856,424.9642857142857,0,771,771
7,772,55.734693877551024,427.0612244897959,0,772,772
7,773,353.3703703703704,426.51851851851853,0,773,773
7,774,408.125,426.375,0,774,774
7,775,655.2352941176471,430.1470588235294,0,775,775
7,776,110.85,429.85,0,776,776
7,777,638.6,428.8,0,777,777
7,778,650.625,429.25,0,778,778
7,779,126.28571428571429,429.89285714285717,0,779,779
7,780,365.54814814814813,432.0074074074074,0,780,780
7,781,57.0,431.75,0,781,781
7,782,121.61111111111111,431.05555555555554,0,782,782
7,783,530.8064516129032,430.96774193548384,0,783,783
7,784,660.5,431.0,0,784,784
7,785,664.25,432.625,0,785,785
7,786,137.05,433.825,0,786,786
7,787,648.5,434.0,0,787,787
7,788,352.5,435.1041666666667,0,788,788
7,789,523.5,434.77777777777777,0,789,789
7,790,247.4090909090909,434.0,0,790,790
7,791,118.56,435.76,0,791,791
7,792,591.75,437.0,0,792,792
7,793,666.1777777777778,436.8666666666667,0,793,793
7,794,674.75,436.75,0,794,794
7,795,117.0,438.75,0,795,795
7,796,374.2,438.6,0,796,796
7,797,278.0,437.7647058823529,0,797,797
7,798,246.27586206896552,439.7241379310345,0,798,798
7,799,588.4347826086956,439.6521739130435,0,799,799
7,800,345.6666666666667,442.25,0,800,800
7,801,183.73076923076923,442.25,0,801,801
7,802,595.8,443.96,0,802,802
7,803,131.0,444.25,0,803,803
7,804,366.0625,443.90625,0,804,804
7,805,254.28571428571428,446.0,0,805,805
7,806,290.96491228070175,447.7543859649123,0,806,806
7,807,249.04225352112675,446.8732394366197,0,807,807
7,808,585.5555555555555,446.55555555555554,0,808,808
7,809,197.4,447.8,0,809,809
7,810,476.5,448.5,0,810,810
7,811,172.28571428571428,449.0,0,811,811
7,812,210.5,450.5,0,812,812
7,813,242.8235294117647,449.11764705882354,0,813,813
7,814,595.4347826086956,449.1304347826087,0,814,814
7,815,121.26315789473684,449.05263157894734,0,815,815
7,816,372.0,450.05555555555554,0,816,816
7,817,105.88571428571429,450.9714285714286,0,817,817
7,818,214.4,452.2,0,818,818
7,819,461.25,452.0,0,819,819
7,820,124.03030303030303,452.8181818181818,0,820,820
7,821,186.5,452.5,0,821,821
7,822,190.4,453.2,0,822,822
7,823,281.5769230769231,453.5,0,823,823
7,824,376.42424242424244,453.27272727272725,0,824,824
7,825,585.7142857142857,454.0,0,825,825
7,826,597.4,454.2,0,826,826
7,827,117.1923076923077,455.15384615384613,0,827,827
7,828,249.42105263157896,454.86842105263156,0,828,828
7,829,464.8363636363636,455.5272727272727,0,829,829
7,830,176.27272727272728,456.09090909090907,0,830,830
7,831,180.42857142857142,457.125,0,831,831
7,832,131.33333333333334,456.46666666666664,0,832,832
7,833,291.6666666666667,459.0344827586207,0,833,833
7,834,362.4117647058824,455.94117647058823,0,834,834
7,835,117.66666666666667,458.8888888888889,0,835,835
7,836,203.53061224489795,459.7142857142857,0,836,836
7,837,251.23333333333332,460.03333333333336,0,837,837
7,838,455.5,457.5,0,838,838
7,839,362.7142857142857,460.42857142857144,0,839,839
7,840,460.04761904761904,459.8095238095238,0,840,840
7,841,184.0,461.84615384615387,0,841,841
7,842,364.94545454545454,461.74545454545455,0,842,842
7,843,585.3333333333334,461.6666666666667,0,843,843
7,844,194.09677419354838,464.7096774193548,0,844,844
7,845,201.85714285714286,465.7857142857143,0,845,845
7,846,628.3333333333334,463.6666666666667,0,846,846
7,847,630.9090909090909,463.6363636363636,0,847,847
7,848,210.34782608695653,468.14130434782606,0,848,848
7,849,288.1794871794872,464.56410256410254,0,849,849
7,850,206.55555555555554,466.0,0,850,850
7,851,624.3809523809524,465.9047619047619,0,851,851
7,852,637.3333333333334,466.6666666666667,0,852,852
7,853,170.5,467.5,0,853,853
7,854,284.6666666666667,470.4848484848485,0,854,854
7,855,168.0,470.7142857142857,0,855,855
7,856,373.38461538461536,471.38461538461536,0,856,856
7,857,624.875,472.125,0,857,857
7,858,630.6666666666666,471.6666666666667,0,858,858
7,859,637.5,470.6,0,859,859
7,860,81.31111111111112,471.77777777777777,0,860,860
7,861,199.57142857142858,471.0952380952381,0,861,861
7,862,207.25,472.0,0,862,862
7,863,164.92857142857142,474.60714285714283,0,863,863
7,864,177.69230769230768,476.2307692307692,0,864,864
7,865,621.8571428571429,475.14285714285717,0,865,865
7,866,634.8333333333334,476.1666666666667,0,866,866
7,867,161.25,477.1666666666667,0,867,867
7,868,552.1,477.05,0,868,868
7,869,624.7142857142857,476.57142857142856,0,869,869
7,870,395.5,478.0,0,870,870
7,871,661.5,478.0,0,871,871
7,872,664.0,478.0,0,872,872
7,873,393.0,478.5,0,873,873
7,874,407.3333333333333,478.6666666666667,0,874,874
7,875,186.38888888888889,481.6111111111111,0,875,875
7,876,416.16129032258067,481.86451612903227,0,876,876
7,877,545.4615384615385,480.3076923076923,0,877,877
7,878,79.91666666666667,481.80555555555554,0,878,878
7,879,175.92307692307693,482.84615384615387,0,879,879
7,880,71.71428571428571,482.57142857142856,0,880,880
7,881,74.3061224489796,483.9591836734694,0,881,881
7,882,660.5,483.5,0,882,882
7,883,668.08,483.44,0,883,883
7,884,181.83333333333334,483.75,0,884,884
7,885,386.0,483.25,0,885,885
7,886,399.4375,485.3125,0,886,886
7,887,630.875,484.875,0,887,887
7,888,174.66666666666666,486.55555555555554,0,888,888
7,889,550.4313725490196,485.2352941176471,0,889,889
7,890,556.7948717948718,483.6666666666667,0,890,890
7,891,163.08474576271186,485.35593220338984,0,891,891
7,892,385.65714285714284,486.0571428571429,0,892,892
7,893,393.23333333333335,483.8333333333333,0,893,893
7,894,384.0,487.75,0,894,894
7,895,391.0,487.75,0,895,895
7,896,395.25,488.75,0,896,896
7,897,472.6875,488.46875,0,897,897
7,898,641.5,489.9318181818182,0,898,898
7,899,65.2,490.0,0,899,899
7,900,463.0,489.8333333333333,0,900,900
7,901,681.8064516129032,490.9032258064516,0,901,901
7,902,396.25,492.25,0,902,902
7,903,630.5454545454545,490.8181818181818,0,903,903
7,904,672.9,490.95,0,904,904
7,905,64.17391304347827,493.6521739130435,0,905,905
7,906,556.375,491.25,0,906,906
7,907,169.44736842105263,492.60526315789474,0,907,907
7,908,461.48387096774195,493.51612903225805,0,908,908
7,909,476.0,493.57142857142856,0,909,909
7,910,635.0,493.5,0,910,910
7,911,677.175,494.3,0,911,911
7,912,450.5,498.0,0,912,912
7,913,457.58620689655174,497.7241379310345,0,913,913
7,914,679.4827586206897,500.86206896551727,0,914,914
7,915,687.8823529411765,503.4117647058824,0,915,915
8,1,363.44444444444446,16.77777777777778,0,1,1
8,2,369.4,19.4,0,2,2
8,3,383.0,21.2,0,3,3
8,4,389.5,25.833333333333332,0,4,4
8,5,386.0,26.0,0,5,5
8,6,378.5,28.5,0,6,6
8,7,514.0,28.285714285714285,0,7,7
8,8,504.6666666666667,29.0,0,8,8
8,9,383.7435897435897,30.94871794871795,0,9,9
8,10,22.714285714285715,34.42857142857143,0,10,10
8,11,530.0,33.5,0,11,11
8,12,623.5,34.5,0,12,12
8,13,28.5,35.5,0,13,13
8,14,467.6,34.8,0,14,14
8,15,537.2,35.4,0,15,15
8,16,544.0,37.5,0,16,16
8,17,457.8333333333333,39.166666666666664,0,17,17
8,18,461.08,39.48,0,18,18
8,19,477.5,38.5,0,19,19
8,20,20.4,41.2,0,20,20
8,21,202.47368421052633,40.421052631578945,0,21,21
8,22,530.1666666666666,41.166666666666664,0,22,22
8,23,33.46666666666667,41.53333333333333,0,23,23
8,24,108.5,42.5,0,24,24
8,25,197.0,43.333333333333336,0,25,25
8,26,446.4074074074074,42.074074074074076,0,26,26
8,27,545.7826086956521,40.69565217391305,0,27,27
8,28,475.5925925925926,42.592592592592595,0,28,28
8,29,533.3636363636364,42.63636363636363,0,29,29
8,30,192.25,46.0,0,30,30
8,31,260.0,44.55555555555556,0,31,31
8,32,187.71428571428572,46.76190476190476,0,32,32
8,33,260.42857142857144,47.61904761904762,0,33,33
8,34,426.6666666666667,46.916666666666664,0,34,34
8,35,447.55555555555554,46.888888888888886,0,35,35
8,36,30.91025641025641,47.03846153846154,0,36,36
8,37,37.0,49.0,0,37,37
8,38,193.6,49.65,0,38,38
8,39,352.7142857142857,49.0,0,39,39
8,40,476.0,49.0,0,40,40
8,41,593.7,50.3,0,41,41
8,42,621.9666666666667,52.166666666666664,0,42,42
8,43,102.28571428571429,52.5,0,43,43
8,44,416.0,52.5,0,44,44
8,45,605.6470588235294,52.35294117647059,0,45,45
8,46,31.0,54.5,0,46,46
8,47,467.5,52.5,0,47,47
8,48,600.3571428571429,53.642857142857146,0,48,48
8,49,110.2439024390244,54.24390243902439,0,49,49
8,50,420.875,55.125,0,50,50
8,51,609.5,54.5,0,51,51
8,52,113.0,57.0,0,52,52
8,53,264.84615384615387,55.53846153846154,0,53,53
8,54,437.93333333333334,56.4,0,54,54
8,55,356.4761904761905,56.76190476190476,0,55,55
8,56,471.56,57.08,0,56,56
8,57,626.5,56.5,0,57,57
8,58,344.41379310344826,57.51724137931034,0,58,58
8,59,361.40909090909093,58.68181818181818,0,59,59
8,60,416.0,57.0,0,60,60
8,61,622.4137931034483,57.93103448275862,0,61,61
8,62,250.58333333333334,58.583333333333336,0,62,62
8,63,408.2105263157895,59.63157894736842,0,63,63
8,64,430.5,59.25,0,64,64
8,65,443.82142857142856,60.67857142857143,0,65,65
8,66,103.33333333333333,60.714285714285715,0,66,66
8,67,362.0,60.75,0,67,67
8,68,596.3181818181819,59.81818181818182,0,68,68
8,69,621.0,60.75,0,69,69
8,70,615.8461538461538,61.38461538461539,0,70,70
8,71,350.25,61.375,0,71,71
8,72,431.5,62.5,0,72,72
8,73,445.0,63.75,0,73,73
8,74,600.0,61.53333333333333,0,74,74
8,75,419.5,64.5,0,75,75
8,76,594.5,64.5,0,76,76
8,77,599.7142857142857,65.42857142857143,0,77,77
8,78,603.9629629629629,66.01851851851852,0,78,78
8,79,362.9310344827586,66.51724137931035,0,79,79
8,80,408.0,66.0,0,80,80
8,81,413.5,66.2,0,81,81
8,82,439.0,66.25,0,82,82
8,83,516.3571428571429,66.85714285714286,0,83,83
8,84,184.24074074074073,69.0925925925926,0,84,84
8,85,430.0,68.5,0,85,85
8,86,433.0,70.0,0,86,86
8,87,440.57575757575756,69.15151515151516,0,87,87
8,88,175.0,71.25,0,88,88
8,89,299.1111111111111,72.66666666666667,0,89,89
8,90,515.6363636363636,73.45454545454545,0,90,90
8,91,605.8888888888889,72.77777777777777,0,91,91
8,92,118.24271844660194,73.87378640776699,0,92,92
8,93,174.3846153846154,75.35576923076923,0,93,93
8,94,297.1666666666667,74.33333333333333,0,94,94
8,95,314.8181818181818,73.45454545454545,0,95,95
8,96,109.82608695652173,75.08695652173913,0,96,96
8,97,302.64285714285717,74.14285714285714,0,97,97
8,98,540.25,75.58333333333333,0,98,98
8,99,613.4,75.8,0,99,99
8,100,308.69879518072287,77.3132530120482,0,100,100
8,101,175.0,78.75,0,101,101
8,102,513.375,78.1875,0,102,102
8,103,118.75,79.0,0,103,103
8,104,163.17391304347825,78.8695652173913,0,104,104
8,105,302.4,79.2,0,105,105
8,106,520.1333333333333,78.53333333333333,0,106,106
8,107,531.1578947368421,79.84210526315789,0,107,107
8,108,528.3846153846154,81.76923076923077,0,108,108
8,109,156.2,81.6,0,109,109
8,110,302.0,81.71428571428571,0,110,110
8,111,413.77777777777777,81.96296296296296,0,111,111
8,112,538.8529411764706,81.61764705882354,0,112,112
8,113,406.0,83.25,0,113,113
8,114,379.38461538461536,84.61538461538461,0,114,114
8,115,520.5,85.5,0,115,115
8,116,108.04,83.6,0,116,116
8,117,300.3529411764706,87.52941176470588,0,117,117
8,118,401.4,87.2,0,118,118
8,119,513.8,86.6,0,119,119
8,120,509.85,88.95,0,120,120
8,121,407.75,89.0,0,121,121
8,122,367.8333333333333,88.83333333333333,0,122,122
8,123,517.2,90.2,0,123,123
8,124,532.25,90.0,0,124,124
8,125,650.4117647058823,89.11764705882354,0,125,125
8,126,369.02564102564105,92.98717948717949,0,126,126
8,127,404.9642857142857,88.5,0,127,127
8,128,534.1176470588235,91.91176470588235,0,128,128
8,129,398.0,94.0,0,129,129
8,130,406.3333333333333,94.33333333333333,0,130,130
8,131,418.0,95.28571428571429,0,131,131
8,132,360.0,95.71428571428571,0,132,132
8,133,530.8888888888889,96.66666666666667,0,133,133
8,134,466.95238095238096,97.80952380952381,0,134,134
8,135,509.2857142857143,97.0,0,135,135
8,136,377.6666666666667,99.2,0,136,136
8,137,270.77777777777777,99.5,0,137,137
8,138,262.22857142857146,99.6,0,138,138
8,139,460.3333333333333,100.26666666666667,0,139,139
8,140,364.90909090909093,101.36363636363636,0,140,140
8,141,480.2,100.8,0,141,141
8,142,416.0,101.5,0,142,142
8,143,258.9,101.8,0,143,143
8,144,476.06060606060606,102.81818181818181,0,144,144
8,145,648.2631578947369,102.3157894736842,0,145,145
8,146,656.3214285714286,103.0,0,146,146
8,147,465.3157894736842,104.26315789473684,0,147,147
8,148,674.75,106.0,0,148,148
8,149,260.0989010989011,107.02197802197803,0,149,149
8,150,469.0740740740741,107.5925925925926,0,150,150
8,151,472.875,109.1875,0,151,151
8,152,671.58,108.24,0,152,152
8,153,652.0,110.37037037037037,0,153,153
8,154,659.6666666666666,112.08333333333333,0,154,154
8,155,465.5,112.5,0,155,155
8,156,508.7647058823529,115.23529411764706,0,156,156
8,157,613.1176470588235,115.05882352941177,0,157,157
8,158,617.5,115.0,0,158,158
8,159,671.2,115.53333333333333,0,159,159
8,160,654.6756756756756,118.89189189189189,0,160,160
8,161,149.0,119.25,0,161,161
8,162,581.6,120.8,0,162,162
8,163,677.5,121.0,0,163,163
8,164,128.25,121.875,0,164,164
8,165,346.3333333333333,122.02777777777777,0,165,165
8,166,150.78571428571428,122.35714285714286,0,166,166
8,167,565.1052631578947,121.89473684210526,0,167,167
8,168,684.75,123.33333333333333,0,168,168
8,169,142.5,123.5,0,169,169
8,170,606.4242424242424,124.24242424242425,0,170,170
8,171,609.375,124.25,0,171,171
8,172,673.1764705882352,124.05882352941177,0,172,172
8,173,131.86111111111111,124.52777777777777,0,173,173
8,174,559.5454545454545,125.31818181818181,0,174,174
8,175,137.78947368421052,125.92105263157895,0,175,175
8,176,343.8181818181818,126.18181818181819,0,176,176
8,177,357.2,124.8,0,177,177
8,178,359.33846153846156,127.27692307692308,0,178,178
8,179,614.0,125.5,0,179,179
8,180,138.0,128.44444444444446,0,180,180
8,181,197.53846153846155,130.32967032967034,0,181,181
8,182,519.0769230769231,126.61538461538461,0,182,182
8,183,500.8333333333333,128.54166666666666,0,183,183
8,184,506.59375,129.09375,0,184,184
8,185,588.9615384615385,128.53846153846155,0,185,185
8,186,557.0,130.5,0,186,186
8,187,355.6666666666667,131.55555555555554,0,187,187
8,188,352.6363636363636,132.0909090909091,0,188,188
8,189,610.5,132.5,0,189,189
8,190,362.625,134.0,0,190,190
8,191,510.39130434782606,132.95652173913044,0,191,191
8,192,618.2083333333334,132.89583333333334,0,192,192
8,193,194.55555555555554,134.0,0,193,193
8,194,574.3214285714286,134.35714285714286,0,194,194
8,195,369.2903225806452,134.25806451612902,0,195,195
8,196,566.7377049180328,132.52459016393442,0,196,196
8,197,613.8,136.2,0,197,197
8,198,58.885714285714286,137.85714285714286,0,198,198
8,199,65.6,137.4,0,199,199
8,200,506.0357142857143,136.96428571428572,0,200,200
8,201,557.8,136.51111111111112,0,201,201
8,202,585.5205479452055,134.54794520547946,0,202,202
8,203,590.1428571428571,138.28571428571428,0,203,203
8,204,188.85714285714286,138.28571428571428,0,204,204
8,205,195.75,139.875,0,205,205
8,206,553.625,139.75,0,206,206
8,207,74.16666666666667,141.16666666666666,0,207,207
8,208,506.6363636363636,141.9090909090909,0,208,208
8,209,584.2045454545455,142.22727272727272,0,209,209
8,210,65.5,142.77777777777777,0,210,210
8,211,552.4,142.8,0,211,211
8,212,564.5,142.5,0,212,212
8,213,71.83908045977012,146.6206896551724,0,213,213
8,214,647.0,146.05882352941177,0,214,214
8,215,124.5,148.5,0,215,215
8,216,185.33333333333334,148.5,0,216,216
8,217,562.5,146.3,0,217,217
8,218,116.35714285714286,148.92857142857142,0,218,218
8,219,581.3684210526316,149.0,0,219,219
8,220,61.81818181818182,150.96969696969697,0,220,220
8,221,560.4285714285714,149.33333333333334,0,221,221
8,222,558.0,152.28571428571428,0,222,222
8,223,649.9473684210526,152.07894736842104,0,223,223
8,224,638.6521739130435,152.56521739130434,0,224,224
8,225,63.888888888888886,154.88888888888889,0,225,225
8,226,129.45,153.9,0,226,226
8,227,120.28378378378379,154.72972972972974,0,227,227
8,228,124.83333333333333,155.0,0,228,228
8,229,113.5,156.5,0,229,229
8,230,625.2777777777778,155.88888888888889,0,230,230
8,231,273.11764705882354,157.58823529411765,0,231,231
8,232,289.3076923076923,159.96153846153845,0,232,232
8,233,558.5333333333333,161.06666666666666,0,233,233
8,234,134.54545454545453,159.12121212121212,0,234,234
8,235,428.2857142857143,160.57142857142858,0,235,235
8,236,555.0,160.5,0,236,236
8,237,123.46153846153847,161.15384615384616,0,237,237
8,238,638.9629629629629,161.11111111111111,0,238,238
8,239,283.82758620689657,163.75862068965517,0,239,239
8,240,411.8,163.6,0,240,240
8,241,655.6818181818181,164.54545454545453,0,241,241
8,242,421.0,165.25,0,242,242
8,243,427.1842105263158,165.97368421052633,0,243,243
8,244,653.25,166.0,0,244,244
8,245,283.1363636363636,168.63636363636363,0,245,245
8,246,427.0,169.75,0,246,246
8,247,458.2,169.6,0,247,247
8,248,276.3692307692308,166.47692307692307,0,248,248
8,249,295.3333333333333,169.66666666666666,0,249,249
8,250,74.2,170.86666666666667,0,250,250
8,251,418.25925925925924,169.09259259259258,0,251,251
8,252,646.125,171.875,0,252,252
8,253,87.47826086956522,172.2173913043478,0,253,253
8,254,288.55,172.675,0,254,254
8,255,409.1060606060606,172.0151515151515,0,255,255
8,256,477.0,171.5,0,256,256
8,257,400.0,171.66666666666666,0,257,257
8,258,456.27272727272725,172.9090909090909,0,258,258
8,259,474.4761904761905,175.0,0,259,259
8,260,87.04,177.32,0,260,260
8,261,89.75,177.0,0,261,261
8,262,454.47058823529414,176.41176470588235,0,262,262
8,263,468.08196721311475,176.39344262295083,0,263,263
8,264,461.84615384615387,178.0,0,264,264
8,265,69.66666666666667,178.88888888888889,0,265,265
8,266,498.125,179.125,0,266,266
8,267,471.2857142857143,180.57142857142858,0,267,267
8,268,60.95,182.25,0,268,268
8,269,76.725,183.35,0,269,269
8,270,490.3636363636364,184.3181818181818,0,270,270
8,271,70.60714285714286,185.21428571428572,0,271,271
8,272,81.66666666666667,185.5,0,272,272
8,273,466.05,187.9,0,273,273
8,274,503.64102564102564,186.3846153846154,0,274,274
8,275,499.0135135135135,193.3918918918919,0,275,275
8,276,70.86363636363636,192.0909090909091,0,276,276
8,277,502.2857142857143,195.0,0,277,277
8,278,334.3076923076923,195.30769230769232,0,278,278
8,279,325.4375,197.625,0,279,279
8,280,498.25,201.91666666666666,0,280,280
8,281,334.0,200.34285714285716,0,281,281
8,282,336.4347826086956,204.8695652173913,0,282,282
8,283,303.26666666666665,205.82666666666665,0,283,283
8,284,308.2857142857143,207.0,0,284,284
8,285,625.2758620689655,206.41379310344828,0,285,285
8,286,343.52777777777777,206.80555555555554,0,286,286
8,287,295.86486486486484,210.1891891891892,0,287,287
8,288,237.8,211.5,0,288,288
8,289,560.2,212.6,0,289,289
8,290,333.27272727272725,211.22727272727272,0,290,290
8,291,564.7777777777778,213.55555555555554,0,291,291
8,292,248.76923076923077,213.53846153846155,0,292,292
8,293,620.0,212.5,0,293,293
8,294,244.3095238095238,214.97619047619048,0,294,294
8,295,291.80555555555554,215.47222222222223,0,295,295
8,296,225.50735294117646,211.15441176470588,0,296,296
8,297,303.5238095238095,215.47619047619048,0,297,297
8,298,352.3809523809524,216.0,0,298,298
8,299,673.258064516129,217.61290322580646,0,299,299
8,300,298.17241379310343,218.44827586206895,0,300,300
8,301,557.6774193548387,218.61290322580646,0,301,301
8,302,236.50704225352112,220.2112676056338,0,302,302
8,303,622.75,219.0,0,303,303
8,304,667.3432835820895,215.4179104477612,0,304,304
8,305,340.6363636363636,219.45454545454547,0,305,305
8,306,548.1666666666666,218.83333333333334,0,306,306
8,307,617.4261363636364,223.3409090909091,0,307,307
8,308,653.8571428571429,220.92857142857142,0,308,308
8,309,662.75,221.75,0,309,309
8,310,338.0,222.15625,0,310,310
8,311,419.64,221.76,0,311,311
8,312,230.53333333333333,223.46666666666667,0,312,312
8,313,427.51851851851853,222.25925925925927,0,313,313
8,314,612.5555555555555,223.0,0,314,314
8,315,675.5882352941177,222.76470588235293,0,315,315
8,316,624.875,225.125,0,316,316
8,317,343.5,226.0,0,317,317
8,318,430.1290322580645,226.2258064516129,0,318,318
8,319,548.2127659574468,224.19148936170214,0,319,319
8,320,562.0,225.6,0,320,320
8,321,445.1111111111111,227.1851851851852,0,321,321
8,322,673.52,226.76,0,322,322
8,323,127.61111111111111,227.38888888888889,0,323,323
8,324,424.5238095238095,228.95238095238096,0,324,324
8,325,114.5,230.5,0,325,325
8,326,135.33333333333334,231.8,0,326,326
8,327,429.7142857142857,232.0,0,327,327
8,328,433.8888888888889,232.0,0,328,328
8,329,450.2857142857143,231.21428571428572,0,329,329
8,330,124.82278481012658,232.62025316455697,0,330,330
8,331,619.7,234.7,0,331,331
8,332,134.6,235.2,0,332,332
8,333,20.833333333333332,235.83333333333334,0,333,333
8,334,24.233333333333334,236.13333333333333,0,334,334
8,335,123.5,237.375,0,335,335
8,336,440.39130434782606,236.91304347826087,0,336,336
8,337,565.875,236.875,0,337,337
8,338,121.15384615384616,238.53846153846155,0,338,338
8,339,555.8333333333334,238.83333333333334,0,339,339
8,340,560.0625,239.20833333333334,0,340,340
8,341,101.0,239.25,0,341,341
8,342,20.514285714285716,241.6,0,342,342
8,343,99.08333333333333,242.66666666666666,0,343,343
8,344,104.09756097560975,241.17073170731706,0,344,344
8,345,569.9130434782609,242.3913043478261,0,345,345
8,346,616.1666666666666,242.06666666666666,0,346,346
8,347,28.666666666666668,243.125,0,347,347
8,348,110.28846153846153,245.84615384615384,0,348,348
8,349,120.0,246.0,0,349,349
8,350,17.428571428571427,245.8095238095238,0,350,350
8,351,190.25,248.0,0,351,351
8,352,177.7058823529412,251.41176470588235,0,352,352
8,353,184.36,251.68,0,353,353
8,354,194.42857142857142,250.12244897959184,0,354,354
8,355,201.0,251.5,0,355,355
8,356,206.63636363636363,250.9090909090909,0,356,356
8,357,16.56896551724138,251.98275862068965,0,357,357
8,358,190.90322580645162,256.4516129032258,0,358,358
8,359,218.0,254.8,0,359,359
8,360,232.48275862068965,254.82758620689654,0,360,360
8,361,492.2105263157895,255.3684210526316,0,361,361
8,362,501.0,255.5,0,362,362
8,363,181.0,255.80645161290323,0,363,363
8,364,213.36666666666667,256.8666666666667,0,364,364
8,365,344.7931034482759,256.48275862068965,0,365,365
8,366,225.19642857142858,257.85714285714283,0,366,366
8,367,211.0,259.0,0,367,367
8,368,346.88235294117646,259.94117647058823,0,368,368
8,369,353.8181818181818,258.030303030303,0,369,369
8,370,363.95652173913044,260.0,0,370,370
8,371,13.647058823529411,259.6764705882353,0,371,371
8,372,220.2,261.35,0,372,372
8,373,497.875,259.625,0,373,373
8,374,201.0,261.0,0,374,374
8,375,207.57142857142858,259.7142857142857,0,375,375
8,376,376.96875,263.0,0,376,376
8,377,583.7692307692307,263.2307692307692,0,377,377
8,378,209.27142857142857,263.3285714285714,0,378,378
8,379,508.93548387096774,263.7096774193548,0,379,379
8,380,349.0,265.0,0,380,380
8,381,498.7857142857143,266.0285714285714,0,381,381
8,382,201.33333333333334,267.7037037037037,0,382,382
8,383,344.3243243243243,265.3783783783784,0,383,383
8,384,491.0,266.1818181818182,0,384,384
8,385,504.0,267.35714285714283,0,385,385
8,386,566.2222222222222,266.85185185185185,0,386,386
8,387,355.9130434782609,268.7826086956522,0,387,387
8,388,362.625,270.25,0,388,388
8,389,369.5394736842105,269.2236842105263,0,389,389
8,390,499.0,271.75,0,390,390
8,391,572.5769230769231,273.3076923076923,0,391,391
8,392,586.3333333333334,274.2,0,392,392
8,393,560.0869565217391,275.39130434782606,0,393,393
8,394,581.72,274.76,0,394,394
8,395,591.8947368421053,274.42105263157896,0,395,395
8,396,99.46153846153847,275.61538461538464,0,396,396
8,397,567.1785714285714,277.60714285714283,0,397,397
8,398,578.7567567567568,279.18918918918916,0,398,398
8,399,32.5,279.77777777777777,0,399,399
8,400,38.285714285714285,281.5,0,400,400
8,401,93.26666666666667,282.8,0,401,401
8,402,475.11764705882354,282.4117647058824,0,402,402
8,403,278.24,284.32,0,403,403
8,404,352.925,286.275,0,404,404
8,405,451.02127659574467,283.6170212765957,0,405,405
8,406,97.25,285.1666666666667,0,406,406
8,407,282.8095238095238,286.95238095238096,0,407,407
8,408,122.6,288.4,0,408,408
8,409,423.0,287.0,0,409,409
8,410,447.4,289.4,0,410,410
8,411,26.67924528301887,289.50943396226415,0,411,411
8,412,95.36666666666666,289.71666666666664,0,412,412
8,413,276.16129032258067,289.48387096774195,0,413,413
8,414,459.9130434782609,289.2608695652174,0,414,414
8,415,650.2083333333334,290.9583333333333,0,415,415
8,416,461.42857142857144,292.2857142857143,0,416,416
8,417,124.9090909090909,291.90909090909093,0,417,417
8,418,431.2142857142857,291.2142857142857,0,418,418
8,419,456.25,293.375,0,419,419
8,420,131.05,293.1,0,420,420
8,421,418.25,293.0,0,421,421
8,422,424.75,291.5357142857143,0,422,422
8,423,358.0869565217391,293.89130434782606,0,423,423
8,424,20.36,294.76,0,424,424
8,425,375.0882352941176,297.5882352941176,0,425,425
8,426,280.1666666666667,298.1666666666667,0,426,426
8,427,365.7457627118644,298.1864406779661,0,427,427
8,428,636.2857142857143,299.0571428571429,0,428,428
8,429,650.8048780487804,298.0243902439024,0,429,429
8,430,15.871794871794872,299.12820512820514,0,430,430
8,431,93.61290322580645,299.19354838709677,0,431,431
8,432,155.5,299.5,0,432,432
8,433,431.8048780487805,299.1463414634146,0,433,433
8,434,26.56,299.92,0,434,434
8,435,642.3636363636364,300.3181818181818,0,435,435
8,436,86.44736842105263,301.1578947368421,0,436,436
8,437,274.344,298.672,0,437,437
8,438,437.5882352941176,300.3529411764706,0,438,438
8,439,122.22368421052632,301.9605263157895,0,439,439
8,440,128.23529411764707,304.94117647058823,0,440,440
8,441,270.0952380952381,306.0952380952381,0,441,441
8,442,278.8888888888889,305.44444444444446,0,442,442
8,443,440.11538461538464,305.2307692307692,0,443,443
8,444,212.88888888888889,305.6666666666667,0,444,444
8,445,8.285714285714286,307.0,0,445,445
8,446,634.25,307.3333333333333,0,446,446
8,447,449.8333333333333,307.8333333333333,0,447,447
8,448,140.0,307.7142857142857,0,448,448
8,449,218.08333333333334,310.0833333333333,0,449,449
8,450,639.3714285714286,310.48571428571427,0,450,450
8,451,645.952380952381,310.1904761904762,0,451,451
8,452,119.22222222222223,310.3333333333333,0,452,452
8,453,147.9268292682927,310.9268292682927,0,453,453
8,454,209.5,311.82142857142856,0,454,454
8,455,313.625,311.84375,0,455,455
8,456,118.0909090909091,312.8181818181818,0,456,456
8,457,140.86,312.2,0,457,457
8,458,137.1153846153846,315.5769230769231,0,458,458
8,459,513.939393939394,315.3333333333333,0,459,459
8,460,199.05882352941177,316.7647058823529,0,460,460
8,461,208.09677419354838,318.48387096774195,0,461,461
8,462,643.2857142857143,318.64285714285717,0,462,462
8,463,299.625,319.1875,0,463,463
8,464,617.6470588235294,319.05882352941177,0,464,464
8,465,197.22222222222223,319.55555555555554,0,465,465
8,466,311.7741935483871,320.5483870967742,0,466,466
8,467,519.4117647058823,320.11764705882354,0,467,467
8,468,647.625,322.25,0,468,468
8,469,207.0,323.0,0,469,469
8,470,506.38461538461536,323.38461538461536,0,470,470
8,471,135.46376811594203,322.8695652173913,0,471,471
8,472,198.28571428571428,324.0,0,472,472
8,473,306.2682926829268,324.8048780487805,0,473,473
8,474,613.6470588235294,324.94117647058823,0,474,474
8,475,514.8333333333334,325.8333333333333,0,475,475
8,476,194.70666666666668,326.0,0,476,476
8,477,618.3870967741935,327.48387096774195,0,477,477
8,478,518.2142857142857,325.10714285714283,0,478,478
8,479,190.44444444444446,330.8333333333333,0,479,479
8,480,628.5,330.5,0,480,480
8,481,526.5185185185185,330.0,0,481,481
8,482,327.8888888888889,331.77777777777777,0,482,482
8,483,517.1372549019608,332.19607843137254,0,483,483
8,484,513.0833333333334,333.6666666666667,0,484,484
8,485,317.55555555555554,332.037037037037,0,485,485
8,486,322.5762711864407,335.4237288135593,0,486,486
8,487,509.25,333.95,0,487,487
8,488,522.6486486486486,334.4054054054054,0,488,488
8,489,335.1904761904762,336.45238095238096,0,489,489
8,490,627.3103448275862,337.44827586206895,0,490,490
8,491,614.4117647058823,337.88235294117646,0,491,491
8,492,313.18918918918916,339.0810810810811,0,492,492
8,493,324.89473684210526,339.89473684210526,0,493,493
8,494,64.125,343.125,0,494,494
8,495,623.6666666666666,343.68888888888887,0,495,495
8,496,618.125,343.875,0,496,496
8,497,58.11764705882353,347.29411764705884,0,497,497
8,498,67.89473684210526,346.8421052631579,0,498,498
8,499,405.8,346.6,0,499,499
8,500,377.5,347.875,0,500,500
8,501,396.0,346.55555555555554,0,501,501
8,502,258.0625,349.6875,0,502,502
8,503,391.6418918918919,348.2635135135135,0,503,503
8,504,643.1304347826087,349.2173913043478,0,504,504
8,505,70.375,350.3125,0,505,505
8,506,382.90909090909093,350.45454545454544,0,506,506
8,507,323.25925925925924,350.77777777777777,0,507,507
8,508,61.854838709677416,353.758064516129,0,508,508
8,509,239.0,352.5,0,509,509
8,510,249.29268292682926,352.7073170731707,0,510,510
8,511,640.95,353.0,0,511,511
8,512,265.7391304347826,355.04347826086956,0,512,512
8,513,389.6666666666667,355.3333333333333,0,513,513
8,514,319.76666666666665,355.9,0,514,514
8,515,333.4782608695652,356.30434782608694,0,515,515
8,516,258.90697674418607,360.22093023255815,0,516,516
8,517,641.7619047619048,356.9047619047619,0,517,517
8,518,323.0,358.05555555555554,0,518,518
8,519,61.3125,359.5625,0,519,519
8,520,648.8421052631579,359.05263157894734,0,520,520
8,521,330.85714285714283,360.1904761904762,0,521,521
8,522,251.0,360.92857142857144,0,522,522
8,523,59.833333333333336,362.7916666666667,0,523,523
8,524,264.1333333333333,362.46666666666664,0,524,524
8,525,324.9782608695652,362.4782608695652,0,525,525
8,526,629.5,363.0,0,526,526
8,527,643.35,361.425,0,527,527
8,528,638.952380952381,365.3809523809524,0,528,528
8,529,58.0,366.25,0,529,529
8,530,81.5,368.5,0,530,530
8,531,659.7222222222222,367.97222222222223,0,531,531
8,532,47.142857142857146,368.57142857142856,0,532,532
8,533,362.3,369.2,0,533,533
8,534,641.0588235294117,369.3529411764706,0,534,534
8,535,582.0,369.6470588235294,0,535,535
8,536,588.2,370.4,0,536,536
8,537,88.88235294117646,371.5882352941176,0,537,537
8,538,366.3703703703704,370.7037037037037,0,538,538
8,539,584.5714285714286,371.2857142857143,0,539,539
8,540,37.125,372.125,0,540,540
8,541,58.142857142857146,372.2857142857143,0,541,541
8,542,79.29629629629629,372.77777777777777,0,542,542
8,543,428.1666666666667,370.8333333333333,0,543,543
8,544,455.3636363636364,372.54545454545456,0,544,544
8,545,595.0,372.5,0,545,545
8,546,45.0,373.2857142857143,0,546,546
8,547,355.0,374.25,0,547,547
8,548,437.52,374.12,0,548,548
8,549,39.666666666666664,376.6666666666667,0,549,549
8,550,69.83333333333333,375.0,0,550,550
8,551,76.88461538461539,378.03846153846155,0,551,551
8,552,33.357142857142854,378.14285714285717,0,552,552
8,553,430.31111111111113,378.6296296296296,0,553,553
8,554,582.074074074074,377.5925925925926,0,554,554
8,555,43.285714285714285,379.0,0,555,555
8,556,68.38709677419355,379.19354838709677,0,556,556
8,557,75.5,381.1666666666667,0,557,557
8,558,445.23943661971833,381.1830985915493,0,558,558
8,559,595.5,380.5,0,559,559
8,560,82.0,381.5,0,560,560
8,561,355.76271186440675,378.6101694915254,0,561,561
8,562,589.6333333333333,379.8666666666667,0,562,562
8,563,39.482142857142854,381.5357142857143,0,563,563
8,564,654.7142857142857,382.0,0,564,564
8,565,168.0,383.0,0,565,565
8,566,585.4242424242424,383.6363636363636,0,566,566
8,567,42.0,384.75,0,567,567
8,568,70.51219512195122,384.5853658536585,0,568,568
8,569,28.666666666666668,384.6666666666667,0,569,569
8,570,424.6666666666667,385.3333333333333,0,570,570
8,571,658.771812080537,384.96644295302013,0,571,571
8,572,161.17073170731706,385.9268292682927,0,572,572
8,573,361.0243902439024,385.6341463414634,0,573,573
8,574,527.047619047619,386.1904761904762,0,574,574
8,575,30.625,387.25,0,575,575
8,576,653.625,387.25,0,576,576
8,577,588.2,388.2,0,577,577
8,578,594.125,388.3333333333333,0,578,578
8,579,226.875,389.75,0,579,579
8,580,44.4,390.8,0,580,580
8,581,164.05555555555554,390.3888888888889,0,581,581
8,582,170.23728813559322,391.0169491525424,0,582,582
8,583,68.67857142857143,391.57142857142856,0,583,583
8,584,352.26666666666665,391.8222222222222,0,584,584
8,585,528.6851851851852,392.5925925925926,0,585,585
8,586,225.63333333333333,394.6333333333333,0,586,586
8,587,395.25,393.475,0,587,587
8,588,653.25,394.0,0,588,588
8,589,148.0,395.5,0,589,589
8,590,400.84615384615387,394.61538461538464,0,590,590
8,591,599.3666666666667,395.3666666666667,0,591,591
8,592,216.0,397.0,0,592,592
8,593,658.4814814814815,398.6666666666667,0,593,593
8,594,539.5925925925926,399.0740740740741,0,594,594
8,595,165.08333333333334,401.1666666666667,0,595,595
8,596,242.0,399.0,0,596,596
8,597,101.375,402.25,0,597,597
8,598,213.84615384615384,402.11538461538464,0,598,598
8,599,240.93939393939394,402.0,0,599,599
8,600,97.23404255319149,403.21276595744683,0,600,600
8,601,298.5,403.0,0,601,601
8,602,398.0,401.7142857142857,0,602,602
8,603,534.3953488372093,404.1162790697674,0,603,603
8,604,545.5,402.5,0,604,604
8,605,227.71794871794873,403.4871794871795,0,605,605
8,606,234.75,404.15,0,606,606
8,607,292.5217391304348,405.6521739130435,0,607,607
8,608,309.125,406.125,0,608,608
8,609,377.0,406.0,0,609,609
8,610,397.20754716981133,406.9811320754717,0,610,610
8,611,391.72222222222223,406.8333333333333,0,611,611
8,612,304.2608695652174,407.8695652173913,0,612,612
8,613,536.9047619047619,409.0952380952381,0,613,613
8,614,396.0,411.6,0,614,614
8,615,475.5882352941176,409.88235294117646,0,615,615
8,616,294.34090909090907,410.70454545454544,0,616,616
8,617,481.32,415.12,0,617,617
8,618,492.1818181818182,414.90909090909093,0,618,618
8,619,304.02777777777777,417.02777777777777,0,619,619
8,620,469.05555555555554,415.77777777777777,0,620,620
8,621,298.5,417.5,0,621,621
8,622,418.37931034482756,416.7241379310345,0,622,622
8,623,92.91666666666667,419.97222222222223,0,623,623
8,624,304.1666666666667,421.1666666666667,0,624,624
8,625,473.97435897435895,418.79487179487177,0,625,625
8,626,85.61363636363636,420.79545454545456,0,626,626
8,627,468.7878787878788,422.030303030303,0,627,627
8,628,485.375,421.8125,0,628,628
8,629,489.7,422.7,0,629,629
8,630,185.8,424.0,0,630,630
8,631,85.4375,426.625,0,631,631
8,632,408.0,425.55555555555554,0,632,632
8,633,176.9,428.3666666666667,0,633,633
8,634,419.55555555555554,427.6666666666667,0,634,634
8,635,485.38461538461536,427.84615384615387,0,635,635
8,636,411.63917525773195,428.680412371134,0,636,636
8,637,181.19354838709677,431.2903225806452,0,637,637
8,638,178.0,434.8,0,638,638
8,639,151.9268292682927,436.9024390243902,0,639,639
8,640,168.55263157894737,435.8421052631579,0,640,640
8,641,262.0,437.2857142857143,0,641,641
8,642,618.1666666666666,437.8333333333333,0,642,642
8,643,248.29166666666666,440.0416666666667,0,643,643
8,644,253.58823529411765,439.88235294117646,0,644,644
8,645,242.28,441.08,0,645,645
8,646,575.2,441.4,0,646,646
8,647,271.4,442.4,0,647,647
8,648,374.5,444.8,0,648,648
8,649,382.3478260869565,446.94565217391306,0,649,649
8,650,534.8636363636364,444.45454545454544,0,650,650
8,651,253.1304347826087,447.5217391304348,0,651,651
8,652,263.7846153846154,448.9230769230769,0,652,652
8,653,394.28125,448.09375,0,653,653
8,654,630.7083333333334,447.9583333333333,0,654,654
8,655,548.6363636363636,449.09090909090907,0,655,655
8,656,568.375,450.1875,0,656,656
8,657,613.6666666666666,447.84,0,657,657
8,658,389.8709677419355,452.03225806451616,0,658,658
8,659,375.73333333333335,452.06666666666666,0,659,659
8,660,578.9545454545455,452.04545454545456,0,660,660
8,661,547.1764705882352,453.97058823529414,0,661,661
8,662,386.2857142857143,454.85714285714283,0,662,662
8,663,532.6,455.04,0,663,663
8,664,542.03125,454.96875,0,664,664
8,665,383.1363636363636,456.04545454545456,0,665,665
8,666,391.2962962962963,456.74074074074076,0,666,666
8,667,576.875,454.875,0,667,667
8,668,617.060606060606,455.90909090909093,0,668,668
8,669,623.0192307692307,460.90384615384613,0,669,669
8,670,576.875,460.671875,0,670,670
8,671,586.625,461.3333333333333,0,671,671
8,672,537.9387755102041,462.48979591836735,0,672,672
8,673,150.64705882352942,464.4117647058824,0,673,673
8,674,567.0,464.0,0,674,674
8,675,145.5,466.5,0,675,675
8,676,576.7692307692307,466.7692307692308,0,676,676
8,677,615.0869565217391,466.7826086956522,0,677,677
8,678,438.0,468.0,0,678,678
8,679,571.5909090909091,469.8181818181818,0,679,679
8,680,504.0,470.0,0,680,680
8,681,444.030303030303,472.1818181818182,0,681,681
8,682,622.6666666666666,472.0,0,682,682
8,683,433.11764705882354,472.5882352941176,0,683,683
8,684,513.9677419354839,473.19354838709677,0,684,684
8,685,441.6190476190476,476.3809523809524,0,685,685
8,686,140.8,476.4,0,686,686
8,687,152.93846153846152,476.46153846153845,0,687,687
8,688,147.625,476.75,0,688,688
8,689,450.9117647058824,477.6764705882353,0,689,689
8,690,523.9,478.525,0,690,690
8,691,504.6666666666667,479.1111111111111,0,691,691
8,692,434.8,479.1,0,692,692
8,693,444.5483870967742,480.5806451612903,0,693,693
8,694,431.9375,482.125,0,694,694
8,695,455.4736842105263,481.63157894736844,0,695,695
8,696,525.0625,483.3125,0,696,696
8,697,530.1875,483.3125,0,697,697
8,698,451.8,484.2,0,698,698
8,699,513.7777777777778,484.44444444444446,0,699,699
8,700,429.0740740740741,486.81481481481484,0,700,700
8,701,513.8518518518518,487.5925925925926,0,701,701
8,702,328.0,488.11764705882354,0,702,702
8,703,531.625,490.125,0,703,703
8,704,430.0,491.05882352941177,0,704,704
8,705,322.87951807228916,492.95180722891564,0,705,705
8,706,273.7142857142857,493.0,0,706,706
8,707,452.2692307692308,493.34615384615387,0,707,707
8,708,460.0,494.07547169811323,0,708,708
8,709,266.3,495.62,0,709,709
8,710,329.0,495.5,0,710,710
8,711,322.3333333333333,497.8333333333333,0,711,711
8,712,449.0,497.2857142857143,0,712,712
8,713,275.9268292682927,500.3658536585366,0,713,713
8,714,267.05172413793105,503.12068965517244,0,714,714
8,715,282.4,501.4,0,715,715
8,716,326.35227272727275,504.57954545454544,0,716,716
8,717,331.0,501.8,0,717,717
8,718,458.8,501.8,0,718,718
8,719,271.6666666666667,506.6666666666667,0,719,719
8,720,329.2857142857143,507.0,0,720,720
8,721,276.56,508.8,0,721,721
8,722,320.61538461538464,511.0769230769231,0,722,722
9,1,152.2,15.5,0,1,1
9,2,143.96,17.16,0,2,2
9,3,148.875,22.333333333333332,0,3,3
9,4,61.875,23.5,0,4,4
9,5,142.0,26.0,0,5,5
9,6,145.1764705882353,26.176470588235293,0,6,6
9,7,277.0,25.25,0,7,7
9,8,63.1875,26.5,0,8,8
9,9,139.71428571428572,27.142857142857142,0,9,9
9,10,558.9375,28.5625,0,10,10
9,11,246.23076923076923,30.76923076923077,0,11,11
9,12,278.2926829268293,29.365853658536587,0,12,12
9,13,552.5,32.0,0,13,13
9,14,283.2857142857143,34.4,0,14,14
9,15,239.83333333333334,35.375,0,15,15
9,16,508.0,35.5,0,16,16
9,17,550.0,37.0,0,17,17
9,18,555.125,36.125,0,18,18
9,19,58.714285714285715,38.42857142857143,0,19,19
9,20,68.5,39.0,0,20,20
9,21,236.9,38.7,0,21,21
9,22,276.40625,39.4375,0,22,22
9,23,244.75,40.95,0,23,23
9,24,269.4,42.2,0,24,24
9,25,503.0,41.8,0,25,25
9,26,607.5,41.5,0,26,26
9,27,62.107142857142854,41.57142857142857,0,27,27
9,28,513.1176470588235,42.588235294117645,0,28,28
9,29,616.125,42.875,0,29,29
9,30,234.49397590361446,45.602409638554214,0,30,30
9,31,283.0,46.0,0,31,31
9,32,228.83333333333334,47.166666666666664,0,32,32
9,33,67.97435897435898,49.333333333333336,0,33,33
9,34,600.5,48.714285714285715,0,34,34
9,35,488.25,50.0,0,35,35
9,36,611.6153846153846,50.38461538461539,0,36,36
9,37,229.0,52.833333333333336,0,37,37
9,38,426.5833333333333,53.05555555555556,0,38,38
9,39,438.3333333333333,51.666666666666664,0,39,39
9,40,491.8857142857143,52.285714285714285,0,40,40
9,41,600.75,52.5,0,41,41
9,42,402.8421052631579,52.94736842105263,0,42,42
9,43,497.2,53.6,0,43,43
9,44,607.44,53.8,0,44,44
9,45,383.7083333333333,55.583333333333336,0,45,45
9,46,398.75,55.4375,0,46,46
9,47,482.0975609756098,55.1219512195122,0,47,47
9,48,424.42857142857144,56.285714285714285,0,48,48
9,49,394.3783783783784,58.54054054054054,0,49,49
9,50,403.8,60.0,0,50,50
9,51,436.47727272727275,58.79545454545455,0,51,51
9,52,490.86206896551727,59.62068965517241,0,52,52
9,53,350.2,64.6,0,53,53
9,54,75.67796610169492,66.49152542372882,0,54,54
9,55,405.59420289855075,65.6376811594203,0,55,55
9,56,355.82608695652175,66.34782608695652,0,56,56
9,57,559.0909090909091,67.36363636363636,0,57,57
9,58,348.0,68.23333333333333,0,58,58
9,59,403.0,69.28571428571429,0,59,59
9,60,341.94117647058823,69.23529411764706,0,60,60
9,61,437.77777777777777,70.55555555555556,0,61,61
9,62,76.1,71.5,0,62,62
9,63,84.2,70.6,0,63,63
9,64,88.56,70.68,0,64,64
9,65,368.3333333333333,70.66666666666667,0,65,65
9,66,78.19047619047619,74.0,0,66,66
9,67,352.96875,71.125,0,67,67
9,68,431.6666666666667,72.0,0,68,68
9,69,439.8333333333333,73.5,0,69,69
9,70,30.875,71.45833333333333,0,70,70
9,71,364.3255813953488,73.67441860465117,0,71,71
9,72,555.7142857142857,74.5,0,72,72
9,73,563.25,75.25,0,73,73
9,74,470.71794871794873,77.8974358974359,0,74,74
9,75,25.15841584158416,77.82178217821782,0,75,75
9,76,554.9230769230769,78.84615384615384,0,76,76
9,77,27.375,81.25,0,77,77
9,78,485.16326530612247,81.14285714285714,0,78,78
9,79,405.3636363636364,82.72727272727273,0,79,79
9,80,478.15,83.2,0,80,80
9,81,602.8888888888889,82.72222222222223,0,81,81
9,82,561.0,84.28571428571429,0,82,82
9,83,408.0,84.68,0,83,83
9,84,472.8235294117647,84.23529411764706,0,84,84
9,85,546.65,84.7,0,85,85
9,86,605.6,85.95,0,86,86
9,87,272.35714285714283,86.64285714285714,0,87,87
9,88,595.8620689655172,87.75862068965517,0,88,88
9,89,569.5833333333334,90.75,0,89,89
9,90,280.09090909090907,91.0,0,90,90
9,91,283.1666666666667,91.16666666666667,0,91,91
9,92,295.6607142857143,91.60714285714286,0,92,92
9,93,300.375,91.25,0,93,93
9,94,288.2,91.31111111111112,0,94,94
9,95,407.76190476190476,92.28571428571429,0,95,95
9,96,22.533333333333335,94.13333333333334,0,96,96
9,97,414.3958333333333,95.10416666666667,0,97,97
9,98,556.3611111111111,95.80555555555556,0,98,98
9,99,410.0,94.625,0,99,99
9,100,603.421052631579,93.94736842105263,0,100,100
9,101,549.578947368421,95.94736842105263,0,101,101
9,102,675.4,97.4,0,102,102
9,103,553.25,98.0,0,103,103
9,104,566.6,96.8,0,104,104
9,105,594.5357142857143,98.64285714285714,0,105,105
9,106,365.9268292682927,99.36585365853658,0,106,106
9,107,561.8333333333334,99.83333333333333,0,107,107
9,108,671.5769230769231,99.73076923076923,0,108,108
9,109,279.2173913043478,100.91304347826087,0,109,109
9,110,357.0,100.6,0,110,110
9,111,416.32,100.84,0,111,111
9,112,47.550561797752806,102.68539325842697,0,112,112
9,113,359.42857142857144,101.52380952380952,0,113,113
9,114,422.1515151515151,102.15151515151516,0,114,114
9,115,372.23333333333335,103.13333333333334,0,115,115
9,116,666.5,102.76923076923077,0,116,116
9,117,657.0,103.25,0,117,117
9,118,47.0,106.44444444444444,0,118,118
9,119,155.79166666666666,105.20833333333333,0,119,119
9,120,427.2307692307692,106.0,0,120,120
9,121,569.1111111111111,105.38888888888889,0,121,121
9,122,595.08,104.56,0,122,122
9,123,662.1764705882352,105.70588235294117,0,123,123
9,124,54.44444444444444,106.83333333333333,0,124,124
9,125,289.51851851851853,105.62962962962963,0,125,125
9,126,384.4,106.2,0,126,126
9,127,669.2857142857143,106.57142857142857,0,127,127
9,128,148.17241379310346,108.55172413793103,0,128,128
9,129,657.1395348837209,107.37209302325581,0,129,129
9,130,150.0,111.75,0,130,130
9,131,154.0909090909091,110.63636363636364,0,131,131
9,132,371.9512195121951,111.4390243902439,0,132,132
9,133,386.0769230769231,112.1923076923077,0,133,133
9,134,164.34782608695653,111.15217391304348,0,134,134
9,135,105.20161290322581,113.03225806451613,0,135,135
9,136,392.45588235294116,116.48529411764706,0,136,136
9,137,498.27659574468083,117.53191489361703,0,137,137
9,138,157.46153846153845,118.15384615384616,0,138,138
9,139,133.0,118.0,0,139,139
9,140,399.5,118.5,0,140,140
9,141,255.0,120.0,0,141,141
9,142,545.5,121.0,0,142,142
9,143,150.36363636363637,120.9090909090909,0,143,143
9,144,389.5,121.66666666666667,0,144,144
9,145,131.5897435897436,121.46153846153847,0,145,145
9,146,398.90909090909093,121.72727272727273,0,146,146
9,147,135.84615384615384,124.5,0,147,147
9,148,254.0,123.5,0,148,148
9,149,502.9,123.95,0,149,149
9,150,542.2,123.0,0,150,150
9,151,86.29166666666667,126.67708333333333,0,151,151
9,152,100.14285714285714,124.62857142857143,0,152,152
9,153,123.21739130434783,124.6086956521739,0,153,153
9,154,261.1509433962264,124.15094339622641,0,154,154
9,155,667.0,125.2,0,155,155
9,156,270.875,123.6875,0,156,156
9,157,376.42,126.4,0,157,157
9,158,556.2857142857143,126.5,0,158,158
9,159,383.06666666666666,128.13333333333333,0,159,159
9,160,492.8953488372093,127.51162790697674,0,160,160
9,161,552.2857142857143,126.85714285714286,0,161,161
9,162,671.6666666666666,128.0,0,162,162
9,163,679.6666666666666,126.5,0,163,163
9,164,82.27272727272727,127.9090909090909,0,164,164
9,165,139.78481012658227,129.9746835443038,0,165,165
9,166,144.75,128.0,0,166,166
9,167,368.7142857142857,128.0,0,167,167
9,168,542.8787878787879,126.6969696969697,0,168,168
9,169,548.2666666666667,128.9,0,169,169
9,170,678.0,129.0,0,170,170
9,171,371.2142857142857,130.21428571428572,0,171,171
9,172,538.2173913043479,129.7826086956522,0,172,172
9,173,268.90909090909093,129.4,0,173,173
9,174,396.9,133.45,0,174,174
9,175,532.2857142857143,133.42857142857142,0,175,175
9,176,278.4,134.4,0,176,176
9,177,383.25,134.0,0,177,177
9,178,675.3877551020408,134.85714285714286,0,178,178
9,179,90.65,136.075,0,179,179
9,180,389.01785714285717,135.51785714285714,0,180,180
9,181,541.6,137.2,0,181,181
9,182,669.0,134.71428571428572,0,182,182
9,183,452.0,137.25,0,183,183
9,184,536.0,137.0,0,184,184
9,185,494.36842105263156,137.94736842105263,0,185,185
9,186,667.9253731343283,139.53731343283582,0,186,186
9,187,444.2,140.6,0,187,187
9,188,679.8571428571429,139.71428571428572,0,188,188
9,189,450.0833333333333,141.83333333333334,0,189,189
9,190,364.5,143.5,0,190,190
9,191,362.5,144.5,0,191,191
9,192,389.2105263157895,144.0,0,192,192
9,193,456.0,142.16666666666666,0,193,193
9,194,635.75,144.0,0,194,194
9,195,324.83673469387753,146.75510204081633,0,195,195
9,196,401.7719298245614,145.47368421052633,0,196,196
9,197,631.1969696969697,146.1060606060606,0,197,197
9,198,453.2705882352941,148.16470588235293,0,198,198
9,199,372.2631578947368,151.1578947368421,0,199,199
9,200,618.3636363636364,151.0909090909091,0,200,200
9,201,141.5,152.5,0,201,201
9,202,152.0,152.5,0,202,202
9,203,332.65671641791045,152.07462686567163,0,203,203
9,204,622.5,151.71428571428572,0,204,204
9,205,627.8035714285714,156.14285714285714,0,205,205
9,206,635.6,154.1,0,206,206
9,207,360.0263157894737,155.31578947368422,0,207,207
9,208,451.3636363636364,155.0909090909091,0,208,208
9,209,150.0,155.4,0,209,209
9,210,157.58823529411765,155.88235294117646,0,210,210
9,211,356.0,158.5,0,211,211
9,212,367.21875,159.515625,0,212,212
9,213,354.25,160.0,0,213,213
9,214,444.25,159.85,0,214,214
9,215,581.5172413793103,159.27586206896552,0,215,215
9,216,590.8611111111111,160.08333333333334,0,216,216
9,217,440.5,161.41666666666666,0,217,217
9,218,149.8,160.3230769230769,0,218,218
9,219,196.7719298245614,163.0701754385965,0,219,219
9,220,295.9154929577465,162.5211267605634,0,220,220
9,221,554.8285714285714,162.34285714285716,0,221,221
9,222,595.5625,163.375,0,222,222
9,223,190.3913043478261,163.52173913043478,0,223,223
9,224,356.57575757575756,163.66666666666666,0,224,224
9,225,538.8225806451613,164.03225806451613,0,225,225
9,226,142.09574468085106,165.56382978723406,0,226,226
9,227,326.35185185185185,165.59259259259258,0,227,227
9,228,336.3243243243243,164.3783783783784,0,228,228
9,229,549.5,163.8125,0,229,229
9,230,196.47058823529412,168.35294117647058,0,230,230
9,231,546.4166666666666,167.22222222222223,0,231,231
9,232,304.8181818181818,166.1818181818182,0,232,232
9,233,588.3483146067416,170.31460674157304,0,233,233
9,234,591.25,166.625,0,234,234
9,235,146.55555555555554,170.33333333333334,0,235,235
9,236,332.43243243243245,169.75675675675674,0,236,236
9,237,547.0,170.75,0,237,237
9,238,296.9019607843137,171.7058823529412,0,238,238
9,239,449.7857142857143,171.21428571428572,0,239,239
9,240,152.28571428571428,172.0,0,240,240
9,241,416.40909090909093,172.27272727272728,0,241,241
9,242,443.06666666666666,171.33333333333334,0,242,242
9,243,186.71428571428572,173.48979591836735,0,243,243
9,244,304.6463414634146,173.0487804878049,0,244,244
9,245,195.1818181818182,175.38636363636363,0,245,245
9,246,441.0,175.0,0,246,246
9,247,549.8125,176.625,0,247,247
9,248,583.1666666666666,176.16666666666666,0,248,248
9,249,439.8,177.0,0,249,249
9,250,450.0769230769231,176.92307692307693,0,250,250
9,251,308.3333333333333,178.33333333333334,0,251,251
9,252,408.1136363636364,179.3409090909091,0,252,252
9,253,445.22222222222223,178.5,0,253,253
9,254,68.68181818181819,182.4318181818182,0,254,254
9,255,400.2173913043478,181.3913043478261,0,255,255
9,256,59.5,182.5,0,256,256
9,257,65.83333333333333,183.16666666666666,0,257,257
9,258,405.7,185.7,0,258,258
9,259,59.166666666666664,185.0,0,259,259
9,260,242.5,185.5,0,260,260
9,261,450.0238095238095,186.14285714285714,0,261,261
9,262,669.8846153846154,186.0,0,262,262
9,263,226.22222222222223,186.11111111111111,0,263,263
9,264,83.35714285714286,187.82142857142858,0,264,264
9,265,326.7142857142857,188.42857142857142,0,265,265
9,266,65.22222222222223,187.44444444444446,0,266,266
9,267,451.0,190.84615384615384,0,267,267
9,268,316.0,190.83333333333334,0,268,268
9,269,62.714285714285715,191.0,0,269,269
9,270,67.75,191.47916666666666,0,270,270
9,271,451.07142857142856,193.35714285714286,0,271,271
9,272,237.5,192.0,0,272,272
9,273,657.375,192.64285714285714,0,273,273
9,274,90.5,194.0,0,274,274
9,275,243.0,194.25,0,275,275
9,276,332.2,195.71666666666667,0,276,276
9,277,670.6813186813187,193.6043956043956,0,277,277
9,278,83.16129032258064,195.83870967741936,0,278,278
9,279,89.0,196.5,0,279,279
9,280,234.77777777777777,197.33333333333334,0,280,280
9,281,246.16666666666666,198.5,0,281,281
9,282,77.33333333333333,198.85185185185185,0,282,282
9,283,239.48101265822785,199.64556962025316,0,283,283
9,284,220.43046357615893,195.90066225165563,0,284,284
9,285,319.92391304347825,200.7826086956522,0,285,285
9,286,88.53488372093024,201.34883720930233,0,286,286
9,287,94.35714285714286,201.71428571428572,0,287,287
9,288,656.4074074074074,201.74074074074073,0,288,288
9,289,684.9333333333333,202.93333333333334,0,289,289
9,290,62.642857142857146,202.78571428571428,0,290,290
9,291,235.75,204.375,0,291,291
9,292,540.1470588235294,203.91176470588235,0,292,292
9,293,222.2173913043478,206.30434782608697,0,293,293
9,294,618.25,205.0,0,294,294
9,295,215.42857142857142,206.28571428571428,0,295,295
9,296,245.0,206.65384615384616,0,296,296
9,297,615.2222222222222,206.77777777777777,0,297,297
9,298,225.7,207.8,0,298,298
9,299,622.4634146341464,207.7560975609756,0,299,299
9,300,337.0521739130435,206.94782608695652,0,300,300
9,301,687.9,209.73333333333332,0,301,301
9,302,549.2361111111111,212.31944444444446,0,302,302
9,303,69.98630136986301,213.23287671232876,0,303,303
9,304,469.9375,214.22916666666666,0,304,304
9,305,540.9298245614035,214.01754385964912,0,305,305
9,306,622.475,214.425,0,306,306
9,307,679.3648648648649,212.90540540540542,0,307,307
9,308,99.0,214.5,0,308,308
9,309,60.0,216.5,0,309,309
9,310,68.25,217.375,0,310,310
9,311,627.4705882352941,217.35294117647058,0,311,311
9,312,63.0,219.4,0,312,312
9,313,335.54545454545456,218.1818181818182,0,313,313
9,314,480.7,215.9857142857143,0,314,314
9,315,98.1304347826087,218.08695652173913,0,315,315
9,316,103.89285714285714,218.71428571428572,0,316,316
9,317,80.5,220.0,0,317,317
9,318,280.5,220.5,0,318,318
9,319,477.5192307692308,221.23076923076923,0,319,319
9,320,278.5,220.5,0,320,320
9,321,286.75,220.75,0,321,321
9,322,619.0,220.32142857142858,0,322,322
9,323,71.93548387096774,221.6451612903226,0,323,323
9,324,96.625,221.625,0,324,324
9,325,156.72413793103448,222.6551724137931,0,325,325
9,326,163.84615384615384,223.53846153846155,0,326,326
9,327,610.290909090909,223.0,0,327,327
9,328,672.8225806451613,222.19354838709677,0,328,328
9,329,104.75,224.25,0,329,329
9,330,96.921875,227.375,0,330,330
9,331,271.5,225.0,0,331,331
9,332,467.4,225.13333333333333,0,332,332
9,333,104.0,226.5,0,333,333
9,334,422.04545454545456,227.6818181818182,0,334,334
9,335,156.35,228.425,0,335,335
9,336,464.6111111111111,228.66666666666666,0,336,336
9,337,545.6944444444445,228.61111111111111,0,337,337
9,338,148.31746031746033,230.55555555555554,0,338,338
9,339,160.65217391304347,231.34782608695653,0,339,339
9,340,277.10526315789474,228.78947368421052,0,340,340
9,341,412.6333333333333,230.63333333333333,0,341,341
9,342,286.3142857142857,229.35714285714286,0,342,342
9,343,170.41176470588235,232.23529411764707,0,343,343
9,344,100.91666666666667,232.83333333333334,0,344,344
9,345,287.7931034482759,236.0344827586207,0,345,345
9,346,419.7391304347826,234.56521739130434,0,346,346
9,347,156.4,235.2,0,347,347
9,348,165.60416666666666,235.83333333333334,0,348,348
9,349,405.0,236.6315789473684,0,349,349
9,350,412.26666666666665,237.64444444444445,0,350,350
9,351,206.42857142857142,238.71428571428572,0,351,351
9,352,268.8333333333333,242.0,0,352,352
9,353,192.125,243.125,0,353,353
9,354,405.90909090909093,243.36363636363637,0,354,354
9,355,200.27027027027026,244.27027027027026,0,355,355
9,356,209.75,246.0,0,356,356
9,357,272.35714285714283,245.64285714285714,0,357,357
9,358,511.7142857142857,248.5,0,358,358
9,359,204.83116883116884,249.7012987012987,0,359,359
9,360,206.35714285714286,253.92857142857142,0,360,360
9,361,57.22222222222222,252.11111111111111,0,361,361
9,362,195.74545454545455,253.5090909090909,0,362,362
9,363,267.25,256.0,0,363,363
9,364,494.9,256.1,0,364,364
9,365,44.66326530612245,257.94897959183675,0,365,365
9,366,272.3578947368421,254.61052631578949,0,366,366
9,367,523.0,257.5,0,367,367
9,368,335.0,257.5,0,368,368
9,369,509.1,257.2,0,369,369
9,370,208.28947368421052,258.5,0,370,370
9,371,274.09090909090907,260.72727272727275,0,371,371
9,372,341.4,259.8,0,372,372
9,373,347.14285714285717,259.7142857142857,0,373,373
9,374,514.8947368421053,260.42105263157896,0,374,374
9,375,195.5,260.5,0,375,375
9,376,266.25,260.5833333333333,0,376,376
9,377,489.4878048780488,262.6829268292683,0,377,377
9,378,501.8333333333333,260.8333333333333,0,378,378
9,379,36.01063829787234,264.2340425531915,0,379,379
9,380,516.5555555555555,264.6111111111111,0,380,380
9,381,518.75,265.0,0,381,381
9,382,343.7142857142857,266.0,0,382,382
9,383,351.3939393939394,265.469696969697,0,383,383
9,384,502.0408163265306,265.81632653061223,0,384,384
9,385,543.8958333333334,266.125,0,385,385
9,386,537.625,267.25,0,386,386
9,387,330.79545454545456,268.1363636363636,0,387,387
9,388,95.71428571428571,273.42857142857144,0,388,388
9,389,350.75,273.625,0,389,389
9,390,560.5,275.0,0,390,390
9,391,148.0,275.7142857142857,0,391,391
9,392,538.7222222222222,277.1111111111111,0,392,392
9,393,109.47058823529412,275.88235294117646,0,393,393
9,394,345.8720930232558,276.4767441860465,0,394,394
9,395,561.5,277.5,0,395,395
9,396,286.4,277.8,0,396,396
9,397,353.7692307692308,278.46153846153845,0,397,397
9,398,99.19672131147541,278.21311475409834,0,398,398
9,399,338.6470588235294,279.7647058823529,0,399,399
9,400,545.0,279.3333333333333,0,400,400
9,401,441.90909090909093,281.3636363636364,0,401,401
9,402,110.02083333333333,283.7395833333333,0,402,402
9,403,152.54237288135593,278.91525423728814,0,403,403
9,404,450.9142857142857,283.65714285714284,0,404,404
9,405,559.9285714285714,283.42857142857144,0,405,405
9,406,649.0,282.55555555555554,0,406,406
9,407,549.4444444444445,284.6666666666667,0,407,407
9,408,115.16666666666667,286.1666666666667,0,408,408
9,409,158.68421052631578,285.8421052631579,0,409,409
9,410,633.1485148514852,286.25742574257424,0,410,410
9,411,103.3,287.5,0,411,411
9,412,152.9811320754717,287.4339622641509,0,412,412
9,413,625.8333333333334,286.8333333333333,0,413,413
9,414,640.5,286.7,0,414,414
9,415,109.0,288.75,0,415,415
9,416,441.13,288.84,0,416,416
9,417,448.57142857142856,288.2857142857143,0,417,417
9,418,454.9,288.1,0,418,418
9,419,647.3636363636364,287.4141414141414,0,419,419
9,420,432.97058823529414,289.29411764705884,0,420,420
9,421,651.4285714285714,291.2857142857143,0,421,421
9,422,429.125,291.5,0,422,422
9,423,157.58823529411765,292.11764705882354,0,423,423
9,424,150.8695652173913,293.7826086956522,0,424,424
9,425,442.27272727272725,294.72727272727275,0,425,425
9,426,451.4736842105263,295.8421052631579,0,426,426
9,427,194.25,303.625,0,427,427
9,428,505.2105263157895,307.42105263157896,0,428,428
9,429,197.54545454545453,309.1818181818182,0,429,429
9,430,379.05263157894734,309.8421052631579,0,430,430
9,431,656.9375,312.125,0,431,431
9,432,192.47297297297297,312.7027027027027,0,432,432
9,433,373.175,313.2,0,433,433
9,434,120.0,315.5,0,434,434
9,435,202.3846153846154,315.38461538461536,0,435,435
9,436,185.3125,316.5625,0,436,436
9,437,360.1904761904762,316.95238095238096,0,437,437
9,438,367.5681818181818,316.6818181818182,0,438,438
9,439,377.82142857142856,317.625,0,439,439
9,440,507.4225352112676,313.943661971831,0,440,440
9,441,79.12,317.64,0,441,441
9,442,612.0,318.2,0,442,442
9,443,291.55555555555554,318.8888888888889,0,443,443
9,444,661.3571428571429,320.4047619047619,0,444,444
9,445,195.4,321.2,0,445,445
9,446,670.6896551724138,320.44827586206895,0,446,446
9,447,189.875,322.125,0,447,447
9,448,380.037037037037,322.81481481481484,0,448,448
9,449,599.516129032258,321.03225806451616,0,449,449
9,450,645.2222222222222,322.5,0,450,450
9,451,43.208333333333336,323.0,0,451,451
9,452,70.25,323.0,0,452,452
9,453,76.7,322.5,0,453,453
9,454,297.44444444444446,323.77777777777777,0,454,454
9,455,506.47058823529414,323.3529411764706,0,455,455
9,456,120.24242424242425,324.3636363636364,0,456,456
9,457,479.56,322.36,0,457,457
9,458,618.8666666666667,323.6666666666667,0,458,458
9,459,80.0,325.0,0,459,459
9,460,287.5,325.5,0,460,460
9,461,605.4705882352941,325.3529411764706,0,461,461
9,462,609.9,325.025,0,462,462
9,463,34.12820512820513,327.97435897435895,0,463,463
9,464,83.5,327.0,0,464,464
9,465,109.0,324.2352941176471,0,465,465
9,466,292.27272727272725,327.8636363636364,0,466,466
9,467,307.25,328.0,0,467,467
9,468,613.1818181818181,328.57575757575756,0,468,468
9,469,653.2903225806451,326.8709677419355,0,469,469
9,470,478.79487179487177,328.5897435897436,0,470,470
9,471,619.2903225806451,328.5483870967742,0,471,471
9,472,71.64788732394366,327.15492957746477,0,472,472
9,473,74.44444444444444,330.22222222222223,0,473,473
9,474,40.69230769230769,330.88461538461536,0,474,474
9,475,103.57142857142857,329.7142857142857,0,475,475
9,476,113.375,330.75,0,476,476
9,477,301.04,331.92,0,477,477
9,478,373.22857142857146,331.22857142857146,0,478,478
9,479,67.33333333333333,332.9166666666667,0,479,479
9,480,107.6195652173913,331.5326086956522,0,480,480
9,481,309.125,332.25,0,481,481
9,482,508.30337078651684,332.8314606741573,0,482,482
9,483,609.5,332.5,0,483,483
9,484,219.9,332.8,0,484,484
9,485,29.2,333.8,0,485,485
9,486,77.56410256410257,334.0,0,486,486
9,487,224.29787234042553,334.9574468085106,0,487,487
9,488,468.0,333.8,0,488,488
9,489,474.3,332.9,0,489,489
9,490,501.8333333333333,333.8333333333333,0,490,490
9,491,108.77777777777777,337.55555555555554,0,491,491
9,492,37.09090909090909,337.09090909090907,0,492,492
9,493,231.09677419354838,335.83870967741933,0,493,493
9,494,223.0,339.2857142857143,0,494,494
9,495,577.5,339.5,0,495,495
9,496,99.36363636363636,339.8181818181818,0,496,496
9,497,295.0,340.42857142857144,0,497,497
9,498,355.0,340.0,0,498,498
9,499,467.0,340.0,0,499,499
9,500,29.6,340.54285714285714,0,500,500
9,501,473.6376811594203,340.15942028985506,0,501,501
9,502,220.10714285714286,344.2142857142857,0,502,502
9,503,567.4705882352941,341.6470588235294,0,503,503
9,504,225.67567567567568,346.2162162162162,0,504,504
9,505,259.75,345.3333333333333,0,505,505
9,506,349.8888888888889,345.72222222222223,0,506,506
9,507,358.1388888888889,344.8888888888889,0,507,507
9,508,565.6875,346.35,0,508,508
9,509,216.4,346.1,0,509,509
9,510,294.85,345.7,0,510,510
9,511,367.0,344.95,0,511,511
9,512,574.7692307692307,346.3076923076923,0,512,512
9,513,291.5,347.125,0,513,513
9,514,303.10526315789474,346.2631578947368,0,514,514
9,515,373.8,345.8,0,515,515
9,516,556.9433962264151,348.50943396226415,0,516,516
9,517,213.6153846153846,348.61538461538464,0,517,517
9,518,477.6521739130435,347.54347826086956,0,518,518
9,519,265.5,350.2857142857143,0,519,519
9,520,370.32876712328766,349.013698630137,0,520,520
9,521,569.4285714285714,351.2857142857143,0,521,521
9,522,353.9,351.2,0,522,522
9,523,375.54545454545456,351.6363636363636,0,523,523
9,524,151.75,350.625,0,524,524
9,525,548.7142857142857,351.42857142857144,0,525,525
9,526,550.7368421052631,353.1578947368421,0,526,526
9,527,257.1034482758621,355.58620689655174,0,527,527
9,528,252.26923076923077,363.375,0,528,528
9,529,260.75,362.5,0,529,529
9,530,148.84615384615384,365.9230769230769,0,530,530
9,531,417.7142857142857,366.3809523809524,0,531,531
9,532,156.25,368.0,0,532,532
9,533,422.5357142857143,370.9642857142857,0,533,533
9,534,146.9090909090909,371.030303030303,0,534,534
9,535,411.3333333333333,371.8888888888889,0,535,535
9,536,418.625,372.25,0,536,536
9,537,314.27777777777777,372.9259259259259,0,537,537
9,538,158.1578947368421,374.5263157894737,0,538,538
9,539,306.0952380952381,376.8095238095238,0,539,539
9,540,72.0,377.0,0,540,540
9,541,25.714285714285715,378.0,0,541,541
9,542,66.44444444444444,379.05555555555554,0,542,542
9,543,28.007194244604317,381.7338129496403,0,543,543
9,544,421.7692307692308,381.53846153846155,0,544,544
9,545,407.6818181818182,380.1818181818182,0,545,545
9,546,415.3783783783784,381.7027027027027,0,546,546
9,547,429.2432432432432,381.7567567567568,0,547,547
9,548,311.2692307692308,383.63461538461536,0,548,548
9,549,72.0,383.0,0,549,549
9,550,601.0,385.5,0,550,550
9,551,74.75,386.0,0,551,551
9,552,18.625,386.75,0,552,552
9,553,314.55555555555554,388.3333333333333,0,553,553
9,554,304.86046511627904,387.48837209302326,0,554,554
9,555,67.05797101449275,389.94202898550725,0,555,555
9,556,306.25,394.0,0,556,556
9,557,177.6,393.6,0,557,557
9,558,606.875,393.0,0,558,558
9,559,125.6,393.8,0,559,559
9,560,73.975,395.925,0,560,560
9,561,172.0142857142857,398.8285714285714,0,561,561
9,562,206.25,397.25,0,562,562
9,563,613.3181818181819,396.3181818181818,0,563,563
9,564,202.16666666666666,398.6666666666667,0,564,564
9,565,603.4933333333333,398.53333333333336,0,565,565
9,566,377.3636363636364,400.90909090909093,0,566,566
9,567,199.1904761904762,400.85714285714283,0,567,567
9,568,162.73076923076923,401.84615384615387,0,568,568
9,569,532.5,402.4,0,569,569
9,570,534.75,402.0,0,570,570
9,571,601.8333333333334,404.1666666666667,0,571,571
9,572,129.65060240963857,402.3975903614458,0,572,572
9,573,363.14179104477614,404.17164179104475,0,573,573
9,574,582.8620689655172,404.6551724137931,0,574,574
9,575,575.0,404.8636363636364,0,575,575
9,576,590.8974358974359,404.7435897435897,0,576,576
9,577,371.7368421052632,406.57894736842104,0,577,577
9,578,508.8421052631579,407.3157894736842,0,578,578
9,579,169.91304347826087,407.2173913043478,0,579,579
9,580,199.1904761904762,406.57142857142856,0,580,580
9,581,349.7692307692308,407.53846153846155,0,581,581
9,582,402.8421052631579,407.8421052631579,0,582,582
9,583,121.44776119402985,410.4179104477612,0,583,583
9,584,208.52777777777777,407.8611111111111,0,584,584
9,585,364.0,410.2857142857143,0,585,585
9,586,419.875,409.0833333333333,0,586,586
9,587,518.99,408.03,0,587,587
9,588,130.76,410.96,0,588,588
9,589,531.8333333333334,411.0,0,589,589
9,590,579.5714285714286,411.6190476190476,0,590,590
9,591,587.0,410.5,0,591,591
9,592,594.8,411.5,0,592,592
9,593,394.5625,411.25,0,593,593
9,594,127.08695652173913,414.4347826086956,0,594,594
9,595,651.875,412.625,0,595,595
9,596,163.0,415.0,0,596,596
9,597,194.25,414.95,0,597,597
9,598,371.0,414.2857142857143,0,598,598
9,599,414.8333333333333,415.0833333333333,0,599,599
9,600,201.9090909090909,415.90909090909093,0,600,600
9,601,646.8958333333334,421.09722222222223,0,601,601
9,602,118.79166666666667,417.5416666666667,0,602,602
9,603,396.0,417.3076923076923,0,603,603
9,604,513.8269230769231,417.9423076923077,0,604,604
9,605,371.4117647058824,418.88235294117646,0,605,605
9,606,410.0,418.4,0,606,606
9,607,412.46153846153845,418.15384615384613,0,607,607
9,608,437.4,417.6,0,608,608
9,609,448.14285714285717,417.7142857142857,0,609,609
9,610,206.55555555555554,419.8888888888889,0,610,610
9,611,404.7142857142857,418.85714285714283,0,611,611
9,612,530.1666666666666,420.1666666666667,0,612,612
9,613,197.0,420.5,0,613,613
9,614,404.0,424.8333333333333,0,614,614
9,615,412.34615384615387,426.46153846153845,0,615,615
9,616,444.980198019802,425.56435643564356,0,616,616
9,617,548.8333333333334,429.6666666666667,0,617,617
9,618,433.5,430.5,0,618,618
9,619,553.8636363636364,430.6818181818182,0,619,619
9,620,607.3809523809524,430.5238095238095,0,620,620
9,621,615.5909090909091,429.09090909090907,0,621,621
9,622,645.5714285714286,432.2857142857143,0,622,622
9,623,635.0,430.5,0,623,623
9,624,448.25,435.5625,0,624,624
9,625,263.7111111111111,438.55555555555554,0,625,625
9,626,444.75,437.0,0,626,626
9,627,619.8,437.15,0,627,627
9,628,604.0,440.25,0,628,628
9,629,611.7872340425532,440.93617021276594,0,629,629
9,630,616.7,440.7,0,630,630
9,631,551.4235294117647,441.8941176470588,0,631,631
9,632,251.0,443.0,0,632,632
9,633,272.92,441.84,0,633,633
9,634,605.2857142857143,442.42857142857144,0,634,634
9,635,245.78571428571428,446.5357142857143,0,635,635
9,636,538.5,446.2857142857143,0,636,636
9,637,43.57142857142857,445.7142857142857,0,637,637
9,638,551.0,447.75,0,638,638
9,639,263.1509433962264,448.37735849056605,0,639,639
9,640,50.78947368421053,449.2105263157895,0,640,640
9,641,550.074074074074,451.037037037037,0,641,641
9,642,39.083333333333336,451.4166666666667,0,642,642
9,643,46.18181818181818,451.3939393939394,0,643,643
9,644,588.578947368421,452.42105263157896,0,644,644
9,645,120.45454545454545,453.54545454545456,0,645,645
9,646,316.86567164179104,454.35820895522386,0,646,646
9,647,544.3461538461538,452.6923076923077,0,647,647
9,648,326.1756756756757,456.7432432432432,0,648,648
9,649,331.8888888888889,453.77777777777777,0,649,649
9,650,483.5,454.7142857142857,0,650,650
9,651,657.0588235294117,454.7647058823529,0,651,651
9,652,132.5483870967742,456.0967741935484,0,652,652
9,653,248.11111111111111,456.3333333333333,0,653,653
9,654,311.7142857142857,456.0,0,654,654
9,655,140.69230769230768,456.53846153846155,0,655,655
9,656,553.2083333333334,456.625,0,656,656
9,657,593.6046511627907,461.1162790697674,0,657,657
9,658,408.95238095238096,459.64285714285717,0,658,658
9,659,655.9583333333334,458.875,0,659,659
9,660,45.625,459.75,0,660,660
9,661,318.59090909090907,460.1818181818182,0,661,661
9,662,48.57575757575758,460.06060606060606,0,662,662
9,663,605.0,460.5,0,663,663
9,664,648.0,459.7142857142857,0,664,664
9,665,311.6363636363636,461.90909090909093,0,665,665
9,666,139.16,463.88,0,666,666
9,667,420.9596774193548,464.1209677419355,0,667,667
9,668,478.6363636363636,462.8787878787879,0,668,668
9,669,584.875,463.25,0,669,669
9,670,592.0,466.2857142857143,0,670,670
9,671,117.53333333333333,466.6666666666667,0,671,671
9,672,124.16666666666667,467.1666666666667,0,672,672
9,673,126.14516129032258,464.5483870967742,0,673,673
9,674,336.1578947368421,465.4736842105263,0,674,674
9,675,347.0952380952381,466.0952380952381,0,675,675
9,676,572.8620689655172,468.37931034482756,0,676,676
9,677,202.55555555555554,469.18518518518516,0,677,677
9,678,344.57142857142856,468.7142857142857,0,678,678
9,679,473.0281690140845,468.50704225352115,0,679,679
9,680,428.09090909090907,469.95454545454544,0,680,680
9,681,572.0,470.75,0,681,681
9,682,584.4615384615385,470.53846153846155,0,682,682
9,683,417.5,471.5,0,683,683
9,684,191.0,472.5,0,684,684
9,685,333.75,472.0,0,685,685
9,686,644.4014084507043,469.0281690140845,0,686,686
9,687,594.5555555555555,473.0,0,687,687
9,688,339.9,473.8375,0,688,688
9,689,528.0888888888888,475.31111111111113,0,689,689
9,690,204.45652173913044,475.67391304347825,0,690,690
9,691,244.63636363636363,475.09090909090907,0,691,691
9,692,328.9384615384615,473.4,0,692,692
9,693,367.7142857142857,473.7142857142857,0,693,693
9,694,598.5294117647059,472.8941176470588,0,694,694
9,695,248.76470588235293,475.52941176470586,0,695,695
9,696,532.2857142857143,476.0,0,696,696
9,697,542.1176470588235,475.0,0,697,697
9,698,194.875,477.3333333333333,0,698,698
9,699,472.3529411764706,477.0,0,699,699
9,700,207.28571428571428,478.0,0,700,700
9,701,637.0,477.7142857142857,0,701,701
9,702,186.66666666666666,478.8333333333333,0,702,702
9,703,242.6,479.4,0,703,703
9,704,254.6086956521739,478.2608695652174,0,704,704
9,705,93.125,479.25,0,705,705
9,706,368.2173913043478,479.39130434782606,0,706,706
9,707,378.89285714285717,479.7857142857143,0,707,707
9,708,335.0,480.5,0,708,708
9,709,578.8461538461538,480.65384615384613,0,709,709
9,710,596.7777777777778,480.94444444444446,0,710,710
9,711,75.5576923076923,482.6730769230769,0,711,711
9,712,86.43037974683544,483.43037974683546,0,712,712
9,713,92.2,481.1,0,713,713
9,714,360.875,481.625,0,714,714
9,715,70.25,483.0,0,715,715
9,716,183.66666666666666,483.8333333333333,0,716,716
9,717,365.23333333333335,483.3666666666667,0,717,717
9,718,524.5,483.0,0,718,718
9,719,546.5925925925926,482.9259259259259,0,719,719
9,720,533.9183673469388,484.3061224489796,0,720,720
9,721,193.27777777777777,484.1111111111111,0,721,721
9,722,578.0714285714286,485.2142857142857,0,722,722
9,723,75.0,486.75,0,723,723
9,724,370.5,486.0,0,724,724
9,725,202.41666666666666,487.25,0,725,725
9,726,246.95238095238096,487.3809523809524,0,726,726
9,727,373.8333333333333,487.1666666666667,0,727,727
9,728,252.6153846153846,487.5,0,728,728
9,729,186.6315789473684,491.0,0,729,729
9,730,369.5,490.2857142857143,0,730,730
9,731,537.5294117647059,491.3529411764706,0,731,731
9,732,197.0,490.5,0,732,732
9,733,543.0909090909091,495.3636363636364,0,733,733
9,734,242.72,496.12,0,734,734
10,1,311.6,12.533333333333333,0,1,1
10,2,303.7142857142857,14.5,0,2,2
10,3,551.9230769230769,19.153846153846153,0,3,3
10,4,298.9130434782609,20.434782608695652,0,4,4
10,5,75.6,22.8,0,5,5
10,6,119.70588235294117,22.705882352941178,0,6,6
10,7,132.875,25.875,0,7,7
10,8,67.66666666666667,26.11111111111111,0,8,8
10,9,128.0,26.285714285714285,0,9,9
10,10,510.875,26.125,0,10,10
10,11,79.42105263157895,27.105263157894736,0,11,11
10,12,507.8,27.4,0,12,12
10,13,563.0,26.285714285714285,0,13,13
10,14,120.46153846153847,28.307692307692307,0,14,14
10,15,552.6176470588235,26.970588235294116,0,15,15
10,16,183.9090909090909,30.636363636363637,0,16,16
10,17,505.0,30.5,0,17,17
10,18,185.57142857142858,34.285714285714285,0,18,18
10,19,312.2631578947368,34.8421052631579,0,19,19
10,20,492.0,34.25,0,20,20
10,21,514.8181818181819,34.90909090909091,0,21,21
10,22,67.52941176470588,33.529411764705884,0,22,22
10,23,122.15,34.3,0,23,23
10,24,136.5,35.285714285714285,0,24,24
10,25,177.5,34.8,0,25,25
10,26,497.95238095238096,35.333333333333336,0,26,26
10,27,69.33333333333333,37.166666666666664,0,27,27
10,28,79.71052631578948,38.28947368421053,0,28,28
10,29,488.05405405405406,39.75675675675676,0,29,29
10,30,617.0,38.25,0,30,30
10,31,189.95833333333334,38.25,0,31,31
10,32,70.77777777777777,40.111111111111114,0,32,32
10,33,497.7142857142857,40.5,0,33,33
10,34,307.0689655172414,40.827586206896555,0,34,34
10,35,148.8108108108108,42.16216216216216,0,35,35
10,36,299.7857142857143,41.642857142857146,0,36,36
10,37,513.4285714285714,41.714285714285715,0,37,37
10,38,182.83333333333334,42.416666666666664,0,38,38
10,39,481.5,42.5,0,39,39
10,40,193.71428571428572,45.0,0,40,40
10,41,516.7142857142857,44.357142857142854,0,41,41
10,42,141.6,45.8,0,42,42
10,43,623.5,46.5,0,43,43
10,44,522.6666666666666,48.55555555555556,0,44,44
10,45,649.7,47.7,0,45,45
10,46,220.41304347826087,49.369565217391305,0,46,46
10,47,299.0,49.5,0,47,47
10,48,147.09782608695653,50.41304347826087,0,48,48
10,49,211.08,52.2,0,49,49
10,50,223.33333333333334,53.333333333333336,0,50,50
10,51,647.4285714285714,53.32142857142857,0,51,51
10,52,158.86363636363637,55.54545454545455,0,52,52
10,53,519.7428571428571,54.628571428571426,0,53,53
10,54,448.6296296296296,56.370370370370374,0,54,54
10,55,651.9411764705883,57.38235294117647,0,55,55
10,56,206.5,57.5,0,56,56
10,57,218.41666666666666,57.75,0,57,57
10,58,213.3,59.4,0,58,58
10,59,436.5,59.5,0,59,59
10,60,493.6666666666667,58.55555555555556,0,60,60
10,61,502.3703703703704,58.7037037037037,0,61,61
10,62,651.5454545454545,61.81818181818182,0,62,62
10,63,150.94736842105263,60.44736842105263,0,63,63
10,64,507.375,61.75,0,64,64
10,65,496.3333333333333,61.916666666666664,0,65,65
10,66,437.25,64.0,0,66,66
10,67,441.75,64.0125,0,67,67
10,68,635.5,65.0,0,68,68
10,69,641.5,64.5,0,69,69
10,70,512.6666666666666,65.85714285714286,0,70,70
10,71,650.125,67.66666666666667,0,71,71
10,72,431.0,70.25,0,72,72
10,73,433.5,73.5,0,73,73
10,74,265.0,75.28571428571429,0,74,74
10,75,640.7428571428571,74.85714285714286,0,75,75
10,76,61.0,78.2,0,76,76
10,77,335.7142857142857,78.0,0,77,77
10,78,513.8461538461538,77.92307692307692,0,78,78
10,79,517.6666666666666,79.33333333333333,0,79,79
10,80,330.5,81.0,0,80,80
10,81,342.8695652173913,76.10434782608695,0,81,81
10,82,349.90909090909093,79.9090909090909,0,82,82
10,83,272.006993006993,79.32167832167832,0,83,83
10,84,262.8333333333333,82.16666666666667,0,84,84
10,85,502.3636363636364,83.0909090909091,0,85,85
10,86,231.0,83.25,0,86,86
10,87,508.14285714285717,85.57142857142857,0,87,87
10,88,233.75510204081633,87.12244897959184,0,88,88
10,89,512.6521739130435,87.69565217391305,0,89,89
10,90,68.42857142857143,86.71428571428571,0,90,90
10,91,178.6153846153846,87.61538461538461,0,91,91
10,92,521.8421052631579,88.05263157894737,0,92,92
10,93,169.5952380952381,88.64285714285714,0,93,93
10,94,230.0,90.33333333333333,0,94,94
10,95,513.0,90.75,0,95,95
10,96,62.0,92.28571428571429,0,96,96
10,97,78.75,91.0,0,97,97
10,98,77.0,89.91666666666667,0,98,98
10,99,66.87134502923976,89.73684210526316,0,99,99
10,100,381.125,94.125,0,100,100
10,101,519.7142857142857,94.11904761904762,0,101,101
10,102,226.0,94.5,0,102,102
10,103,243.55555555555554,95.4074074074074,0,103,103
10,104,236.0,96.0,0,104,104
10,105,569.3846153846154,95.58974358974359,0,105,105
10,106,171.6,96.2,0,106,106
10,107,308.1333333333333,97.53333333333333,0,107,107
10,108,175.02325581395348,99.16279069767442,0,108,108
10,109,180.0,99.0,0,109,109
10,110,571.7575757575758,101.0909090909091,0,110,110
10,111,86.58823529411765,100.88235294117646,0,111,111
10,112,122.46031746031746,101.39682539682539,0,112,112
10,113,316.8666666666667,101.53333333333333,0,113,113
10,114,25.5,102.0,0,114,114
10,115,174.0,103.0,0,115,115
10,116,181.4390243902439,103.4390243902439,0,116,116
10,117,231.5,102.0,0,117,117
10,118,242.2,102.2,0,118,118
10,119,374.8,103.08,0,119,119
10,120,382.86842105263156,102.6842105263158,0,120,120
10,121,479.1666666666667,104.16666666666667,0,121,121
10,122,241.85714285714286,104.71428571428571,0,122,122
10,123,458.7,104.8,0,123,123
10,124,17.0,106.5,0,124,124
10,125,93.25,106.75,0,125,125
10,126,128.44444444444446,107.0,0,126,126
10,127,178.66666666666666,107.33333333333333,0,127,127
10,128,381.25,106.5,0,128,128
10,129,466.8333333333333,106.83333333333333,0,129,129
10,130,572.1702127659574,108.12765957446808,0,130,130
10,131,379.30555555555554,109.47222222222223,0,131,131
10,132,176.0,109.16666666666667,0,132,132
10,133,299.2647058823529,109.80882352941177,0,133,133
10,134,473.04,107.88,0,134,134
10,135,34.869565217391305,110.65217391304348,0,135,135
10,136,37.75,111.0,0,136,136
10,137,92.4,109.8,0,137,137
10,138,576.59375,111.84375,0,138,138
10,139,84.13333333333334,112.8,0,139,139
10,140,452.4222222222222,110.15555555555555,0,140,140
10,141,555.8064516129032,112.2258064516129,0,141,141
10,142,30.23076923076923,112.8974358974359,0,142,142
10,143,91.5625,113.1875,0,143,143
10,144,225.73076923076923,113.34615384615384,0,144,144
10,145,386.8095238095238,112.95238095238095,0,145,145
10,146,23.112903225806452,113.45161290322581,0,146,146
10,147,80.05555555555556,115.0,0,147,147
10,148,289.93333333333334,113.6,0,148,148
10,149,31.444444444444443,116.55555555555556,0,149,149
10,150,125.45370370370371,112.28703703703704,0,150,150
10,151,222.0,116.0,0,151,151
10,152,283.75,114.75,0,152,152
10,153,344.55555555555554,114.22222222222223,0,153,153
10,154,446.17241379310343,114.93103448275862,0,154,154
10,155,550.4705882352941,115.6470588235294,0,155,155
10,156,307.7647058823529,115.6470588235294,0,156,156
10,157,317.6056338028169,113.91549295774648,0,157,157
10,158,331.64285714285717,116.07142857142857,0,158,158
10,159,357.38461538461536,116.61538461538461,0,159,159
10,160,438.0,116.16,0,160,160
10,161,568.5454545454545,117.36363636363636,0,161,161
10,162,240.6153846153846,118.53846153846153,0,162,162
10,163,302.5,117.93333333333334,0,163,163
10,164,340.76190476190476,118.11904761904762,0,164,164
10,165,19.714285714285715,119.61904761904762,0,165,165
10,166,34.4,118.8,0,166,166
10,167,99.47058823529412,118.6470588235294,0,167,167
10,168,468.234375,118.125,0,168,168
10,169,578.5636363636364,120.41818181818182,0,169,169
10,170,350.07142857142856,120.30952380952381,0,170,170
10,171,444.0,119.6086956521739,0,171,171
10,172,572.2272727272727,120.27272727272727,0,172,172
10,173,86.125,119.75,0,173,173
10,174,288.82142857142856,121.32142857142857,0,174,174
10,175,310.9130434782609,120.3913043478261,0,175,175
10,176,91.85714285714286,123.32142857142857,0,176,176
10,177,226.2941176470588,122.11764705882354,0,177,177
10,178,459.375,122.5,0,178,178
10,179,240.0,122.0,0,179,179
10,180,343.88,122.88,0,180,180
10,181,469.5,125.0,0,181,181
10,182,214.57894736842104,124.89473684210526,0,182,182
10,183,548.0,124.25,0,183,183
10,184,89.25,126.0,0,184,184
10,185,205.20833333333334,125.875,0,185,185
10,186,330.8965517241379,126.17241379310344,0,186,186
10,187,550.3488372093024,125.53488372093024,0,187,187
10,188,100.72413793103448,127.34482758620689,0,188,188
10,189,238.52631578947367,127.19298245614036,0,189,189
10,190,304.56,127.12,0,190,190
10,191,337.5,127.33928571428571,0,191,191
10,192,296.5,128.0,0,192,192
10,193,349.4347826086956,127.91304347826087,0,193,193
10,194,231.80769230769232,128.6153846153846,0,194,194
10,195,561.7692307692307,130.69230769230768,0,195,195
10,196,449.32142857142856,130.32142857142858,0,196,196
10,197,237.57142857142858,132.28571428571428,0,197,197
10,198,552.6285714285714,131.22857142857143,0,198,198
10,199,214.1315789473684,131.42105263157896,0,199,199
10,200,202.4375,132.34375,0,200,200
10,201,207.1153846153846,133.26923076923077,0,201,201
10,202,348.2608695652174,133.17391304347825,0,202,202
10,203,443.0869565217391,137.91304347826087,0,203,203
10,204,70.5,134.5,0,204,204
10,205,216.47058823529412,135.23529411764707,0,205,205
10,206,298.4,135.2,0,206,206
10,207,650.4071428571428,134.4,0,207,207
10,208,85.16666666666667,135.83333333333334,0,208,208
10,209,552.9142857142857,137.22857142857143,0,209,209
10,210,79.55555555555556,136.61111111111111,0,210,210
10,211,639.8571428571429,137.85714285714286,0,211,211
10,212,17.451612903225808,140.80645161290323,0,212,212
10,213,87.0,138.5,0,213,213
10,214,90.66666666666667,139.0,0,214,214
10,215,446.375,139.25,0,215,215
10,216,644.0,140.75,0,216,216
10,217,78.0,141.71428571428572,0,217,217
10,218,554.5333333333333,141.66666666666666,0,218,218
10,219,14.25,142.0,0,219,219
10,220,386.53333333333336,142.4,0,220,220
10,221,339.5593220338983,143.6271186440678,0,221,221
10,222,628.0,142.75,0,222,222
10,223,11.609756097560975,145.9512195121951,0,223,223
10,224,70.0909090909091,146.36363636363637,0,224,224
10,225,340.27272727272725,146.72727272727272,0,225,225
10,226,390.1666666666667,145.0,0,226,226
10,227,622.0,147.16666666666666,0,227,227
10,228,667.5714285714286,147.71428571428572,0,228,228
10,229,16.318840579710145,154.1159420289855,0,229,229
10,230,384.0952380952381,149.4047619047619,0,230,230
10,231,343.55172413793105,151.41379310344828,0,231,231
10,232,388.84444444444443,152.26666666666668,0,232,232
10,233,631.0277777777778,149.72222222222223,0,233,233
10,234,566.8,152.5,0,234,234
10,235,36.27777777777778,154.11111111111111,0,235,235
10,236,12.714285714285714,154.0,0,236,236
10,237,449.64285714285717,153.5952380952381,0,237,237
10,238,630.8888888888889,154.66666666666666,0,238,238
10,239,506.8,154.6,0,239,239
10,240,20.375,156.25,0,240,240
10,241,46.65217391304348,154.7173913043478,0,241,241
10,242,54.903225806451616,156.4516129032258,0,242,242
10,243,190.0,156.45238095238096,0,243,243
10,244,547.125,155.66666666666666,0,244,244
10,245,559.6666666666666,155.66666666666666,0,245,245
10,246,662.4901960784314,155.59803921568627,0,246,246
10,247,39.27272727272727,157.45454545454547,0,247,247
10,248,42.35294117647059,157.94117647058823,0,248,248
10,249,443.52941176470586,156.35294117647058,0,249,249
10,250,449.06666666666666,159.13333333333333,0,250,250
10,251,35.0,159.0,0,251,251
10,252,201.99,156.11,0,252,252
10,253,213.07692307692307,158.07692307692307,0,253,253
10,254,263.2432432432432,159.59459459459458,0,254,254
10,255,379.2857142857143,158.5,0,255,255
10,256,441.6666666666667,158.33333333333334,0,256,256
10,257,501.5,157.5,0,257,257
10,258,42.0,160.0,0,258,258
10,259,188.0,159.75,0,259,259
10,260,352.68518518518516,160.03703703703704,0,260,260
10,261,657.25,159.0,0,261,261
10,262,494.0,158.71428571428572,0,262,262
10,263,563.8142857142857,159.88571428571427,0,263,263
10,264,389.9375,161.5625,0,264,264
10,265,627.1410256410256,160.26923076923077,0,265,265
10,266,132.36363636363637,162.9090909090909,0,266,266
10,267,264.6666666666667,163.88888888888889,0,267,267
10,268,574.4615384615385,159.84615384615384,0,268,268
10,269,117.11538461538461,166.1153846153846,0,269,269
10,270,270.3333333333333,164.66666666666666,0,270,270
10,271,284.0,165.5,0,271,271
10,272,494.8859649122807,166.32456140350877,0,272,272
10,273,578.1724137931035,166.06896551724137,0,273,273
10,274,617.3333333333334,164.83333333333334,0,274,274
10,275,476.2,165.6,0,275,275
10,276,256.95238095238096,166.42857142857142,0,276,276
10,277,625.76,167.8,0,277,277
10,278,268.17241379310343,167.79310344827587,0,278,278
10,279,467.7843137254902,168.69934640522877,0,279,279
10,280,488.0,168.5,0,280,280
10,281,541.4791666666666,166.66666666666666,0,281,281
10,282,534.0,169.0,0,282,282
10,283,536.8709677419355,169.80645161290323,0,283,283
10,284,41.5,170.5,0,284,284
10,285,111.0,170.25,0,285,285
10,286,271.40909090909093,170.86363636363637,0,286,286
10,287,526.8333333333334,170.27777777777777,0,287,287
10,288,546.7560975609756,171.0487804878049,0,288,288
10,289,131.85714285714286,171.2,0,289,289
10,290,51.71875,172.1875,0,290,290
10,291,108.28571428571429,173.71428571428572,0,291,291
10,292,262.29411764705884,171.3235294117647,0,292,292
10,293,275.60869565217394,172.0,0,293,293
10,294,618.52,173.56,0,294,294
10,295,616.25,174.0,0,295,295
10,296,120.25,175.0,0,296,296
10,297,464.6,176.7,0,297,297
10,298,496.16279069767444,175.2325581395349,0,298,298
10,299,36.0,176.71428571428572,0,299,299
10,300,125.04285714285714,175.87142857142857,0,300,300
10,301,45.6140350877193,177.64912280701753,0,301,301
10,302,435.8333333333333,175.83333333333334,0,302,302
10,303,526.7045454545455,177.8181818181818,0,303,303
10,304,534.4,177.2,0,304,304
10,305,115.64285714285714,178.78571428571428,0,305,305
10,306,278.875,178.125,0,306,306
10,307,531.2857142857143,178.0,0,307,307
10,308,566.1666666666666,178.16666666666666,0,308,308
10,309,578.8,177.6,0,309,309
10,310,56.666666666666664,180.08333333333334,0,310,310
10,311,125.83333333333333,181.16666666666666,0,311,311
10,312,434.7450980392157,179.31372549019608,0,312,312
10,313,515.75,180.41666666666666,0,313,313
10,314,48.0,183.44444444444446,0,314,314
10,315,235.13636363636363,182.54545454545453,0,315,315
10,316,248.43478260869566,182.08695652173913,0,316,316
10,317,131.1578947368421,184.1578947368421,0,317,317
10,318,433.5882352941176,185.61764705882354,0,318,318
10,319,395.5625,186.25,0,319,319
10,320,440.2758620689655,186.6551724137931,0,320,320
10,321,525.1132075471698,187.71698113207546,0,321,321
10,322,567.8409090909091,189.3181818181818,0,322,322
10,323,240.78125,189.5625,0,323,323
10,324,514.2898550724638,190.92753623188406,0,324,324
10,325,560.4181818181818,189.47272727272727,0,325,325
10,326,123.46666666666667,190.86666666666667,0,326,326
10,327,430.8965517241379,191.17241379310346,0,327,327
10,328,553.5714285714286,191.71428571428572,0,328,328
10,329,403.125,191.875,0,329,329
10,330,248.1829268292683,194.84146341463415,0,330,330
10,331,397.77777777777777,193.5,0,331,331
10,332,203.0,194.5,0,332,332
10,333,192.24,196.32,0,333,333
10,334,563.1176470588235,195.58823529411765,0,334,334
10,335,250.0,199.28571428571428,0,335,335
10,336,392.37142857142857,198.14285714285714,0,336,336
10,337,195.875,199.25,0,337,337
10,338,256.4,198.8,0,338,338
10,339,373.6578947368421,199.05263157894737,0,339,339
10,340,383.0,200.0,0,340,340
10,341,398.6,199.5,0,341,341
10,342,149.25,204.05,0,342,342
10,343,204.09638554216866,203.19277108433735,0,343,343
10,344,74.72727272727273,202.72727272727272,0,344,344
10,345,193.5,203.5,0,345,345
10,346,198.92857142857142,204.21428571428572,0,346,346
10,347,408.09090909090907,204.0909090909091,0,347,347
10,348,211.28571428571428,206.8095238095238,0,348,348
10,349,381.8181818181818,204.84848484848484,0,349,349
10,350,391.6666666666667,207.73333333333332,0,350,350
10,351,411.9130434782609,208.56521739130434,0,351,351
10,352,70.91891891891892,210.53378378378378,0,352,352
10,353,615.28,208.0,0,353,353
10,354,482.14285714285717,212.11428571428573,0,354,354
10,355,377.1714285714286,211.74285714285713,0,355,355
10,356,405.1666666666667,213.45833333333334,0,356,356
10,357,603.25,213.0,0,357,357
10,358,149.1153846153846,213.34615384615384,0,358,358
10,359,479.25,214.0,0,359,359
10,360,489.34831460674155,215.2921348314607,0,360,360
10,361,621.2857142857143,216.0,0,361,361
10,362,71.3,218.7,0,362,362
10,363,338.3,215.3,0,363,363
10,364,380.46875,216.65625,0,364,364
10,365,142.35294117647058,218.52941176470588,0,365,365
10,366,478.27777777777777,217.94444444444446,0,366,366
10,367,344.2857142857143,219.0,0,367,367
10,368,154.375,220.84375,0,368,368
10,369,485.77777777777777,221.72222222222223,0,369,369
10,370,139.33333333333334,222.74074074074073,0,370,370
10,371,339.7291666666667,222.94791666666666,0,371,371
10,372,106.66101694915254,226.90677966101694,0,372,372
10,373,438.1111111111111,226.33333333333334,0,373,373
10,374,627.0,225.57142857142858,0,374,374
10,375,377.7307692307692,227.0,0,375,375
10,376,349.7142857142857,227.21428571428572,0,376,376
10,377,584.6111111111111,228.0,0,377,377
10,378,336.6666666666667,229.33333333333334,0,378,378
10,379,97.8,230.5,0,379,379
10,380,143.78378378378378,229.54054054054055,0,380,380
10,381,443.7659574468085,231.10638297872342,0,381,381
10,382,588.5,230.64285714285714,0,382,382
10,383,564.6923076923077,231.1153846153846,0,383,383
10,384,576.4324324324324,230.86486486486487,0,384,384
10,385,630.0,230.5,0,385,385
10,386,637.875,230.66666666666666,0,386,386
10,387,109.83333333333333,233.16666666666666,0,387,387
10,388,343.92105263157896,232.6578947368421,0,388,388
10,389,438.45454545454544,233.0,0,389,389
10,390,577.5882352941177,234.88235294117646,0,390,390
10,391,157.35294117647058,234.0,0,391,391
10,392,347.2857142857143,234.42857142857142,0,392,392
10,393,434.8,236.11111111111111,0,393,393
10,394,587.1428571428571,235.0,0,394,394
10,395,637.5185185185185,235.8148148148148,0,395,395
10,396,265.4736842105263,236.42105263157896,0,396,396
10,397,592.1428571428571,236.71428571428572,0,397,397
10,398,648.0909090909091,238.15151515151516,0,398,398
10,399,39.44444444444444,239.0,0,399,399
10,400,356.1363636363636,238.3181818181818,0,400,400
10,401,34.4,240.26153846153846,0,401,401
10,402,436.1666666666667,241.16666666666666,0,402,402
10,403,259.9032258064516,241.48387096774192,0,403,403
10,404,273.0857142857143,240.57142857142858,0,404,404
10,405,622.7402597402597,241.94805194805195,0,405,405
10,406,636.4819277108434,244.81927710843374,0,406,406
10,407,449.94736842105266,241.8421052631579,0,407,407
10,408,584.4285714285714,240.9387755102041,0,408,408
10,409,268.14285714285717,242.74285714285713,0,409,409
10,410,443.3225806451613,243.09677419354838,0,410,410
10,411,629.8461538461538,243.6153846153846,0,411,411
10,412,207.86363636363637,243.04545454545453,0,412,412
10,413,210.625,246.85,0,413,413
10,414,621.75,247.375,0,414,414
10,415,174.6,248.34545454545454,0,415,415
10,416,218.9090909090909,246.27272727272728,0,416,416
10,417,268.0681818181818,249.0,0,417,417
10,418,29.555555555555557,249.0,0,418,418
10,419,156.33333333333334,248.5,0,419,419
10,420,219.0,251.7560975609756,0,420,420
10,421,631.8333333333334,249.16666666666666,0,421,421
10,422,274.09090909090907,249.77272727272728,0,422,422
10,423,32.189655172413794,250.25862068965517,0,423,423
10,424,67.83333333333333,249.83333333333334,0,424,424
10,425,166.125,251.25,0,425,425
10,426,69.47222222222223,253.0,0,426,426
10,427,160.03571428571428,252.875,0,427,427
10,428,178.125,253.5,0,428,428
10,429,77.70731707317073,255.29268292682926,0,429,429
10,430,588.6666666666666,253.33333333333334,0,430,430
10,431,600.3333333333334,252.44444444444446,0,431,431
10,432,172.28571428571428,255.5,0,432,432
10,433,220.7,255.3,0,433,433
10,434,226.10344827586206,255.6551724137931,0,434,434
10,435,595.8035714285714,258.125,0,435,435
10,436,432.328125,257.5625,0,436,436
10,437,84.0,257.7142857142857,0,437,437
10,438,373.5,258.5,0,438,438
10,439,61.75,259.25,0,439,439
10,440,166.8695652173913,259.1521739130435,0,440,440
10,441,422.0,259.0,0,441,441
10,442,582.2857142857143,259.14285714285717,0,442,442
10,443,590.25,260.0,0,443,443
10,444,171.25,261.375,0,444,444
10,445,381.6,260.95,0,445,445
10,446,595.0,265.5,0,446,446
10,447,604.1971830985915,263.90140845070425,0,447,447
10,448,76.5,265.7142857142857,0,448,448
10,449,69.0625,264.65625,0,449,449
10,450,82.6,266.6,0,450,450
10,451,381.51428571428573,267.4,0,451,451
10,452,523.2857142857143,267.42857142857144,0,452,452
10,453,532.0,267.7878787878788,0,453,453
10,454,585.5,268.5,0,454,454
10,455,613.6666666666666,267.8888888888889,0,455,455
10,456,74.78571428571429,270.10714285714283,0,456,456
10,457,604.7,270.7,0,457,457
10,458,64.64285714285714,272.57142857142856,0,458,458
10,459,374.34285714285716,270.62857142857143,0,459,459
10,460,438.54430379746833,270.56962025316454,0,460,460
10,461,515.304347826087,270.82608695652175,0,461,461
10,462,521.0434782608696,270.60869565217394,0,462,462
10,463,534.3333333333334,271.3333333333333,0,463,463
10,464,609.0,275.0,0,464,464
10,465,70.61538461538461,276.61538461538464,0,465,465
10,466,58.08108108108108,278.8378378378378,0,466,466
10,467,379.0238095238095,275.7142857142857,0,467,467
10,468,604.8,277.5,0,468,468
10,469,101.47058823529412,279.37254901960785,0,469,469
10,470,106.3529411764706,279.47058823529414,0,470,470
10,471,374.88,282.2,0,471,471
10,472,528.4117647058823,282.1470588235294,0,472,472
10,473,610.0,281.5,0,473,473
10,474,93.45588235294117,282.6764705882353,0,474,474
10,475,642.2692307692307,284.3076923076923,0,475,475
10,476,293.0425531914894,288.0,0,476,476
10,477,637.1666666666666,287.8333333333333,0,477,477
10,478,338.4074074074074,288.7037037037037,0,478,478
10,479,373.84615384615387,288.87179487179486,0,479,479
10,480,631.8939393939394,287.9848484848485,0,480,480
10,481,87.6,289.8,0,481,481
10,482,283.92857142857144,289.7142857142857,0,482,482
10,483,608.6315789473684,290.0263157894737,0,483,483
10,484,656.3333333333334,290.8958333333333,0,484,484
10,485,642.5223880597015,291.1044776119403,0,485,485
10,486,633.4583333333334,293.875,0,486,486
10,487,335.5,294.5,0,487,487
10,488,527.5,293.5,0,488,488
10,489,651.4848484848485,295.3333333333333,0,489,489
10,490,198.5,296.5,0,490,490
10,491,276.11764705882354,296.11764705882354,0,491,491
10,492,290.0,295.4230769230769,0,492,492
10,493,132.16923076923078,292.62307692307695,0,493,493
10,494,328.06451612903226,297.35483870967744,0,494,494
10,495,204.0,298.5,0,495,495
10,496,510.6,299.8,0,496,496
10,497,270.1904761904762,299.9047619047619,0,497,497
10,498,383.6,300.4,0,498,498
10,499,183.72727272727272,299.52272727272725,0,499,499
10,500,190.575,299.125,0,500,500
10,501,199.5,302.5,0,501,501
10,502,335.3611111111111,302.52777777777777,0,502,502
10,503,39.411764705882355,303.88235294117646,0,503,503
10,504,280.5,304.19354838709677,0,504,504
10,505,138.5,304.5,0,505,505
10,506,384.6774193548387,305.51612903225805,0,506,506
10,507,329.7142857142857,306.0952380952381,0,507,507
10,508,380.2857142857143,306.0,0,508,508
10,509,390.1666666666667,305.73333333333335,0,509,509
10,510,193.2,306.5,0,510,510
10,511,201.0909090909091,308.09090909090907,0,511,511
10,512,331.57142857142856,308.2857142857143,0,512,512
10,513,189.16666666666666,309.1666666666667,0,513,513
10,514,186.46666666666667,309.53333333333336,0,514,514
10,515,207.05714285714285,309.77142857142854,0,515,515
10,516,43.3125,310.4375,0,516,516
10,517,100.73684210526316,310.05263157894734,0,517,517
10,518,102.66666666666667,313.3333333333333,0,518,518
10,519,321.74285714285713,312.85714285714283,0,519,519
10,520,334.4,312.2,0,520,520
10,521,384.2083333333333,313.1666666666667,0,521,521
10,522,107.70833333333333,314.0416666666667,0,522,522
10,523,190.38095238095238,314.6190476190476,0,523,523
10,524,49.370370370370374,311.641975308642,0,524,524
10,525,277.5,313.4,0,525,525
10,526,326.8,315.52,0,526,526
10,527,332.625,315.5,0,527,527
10,528,330.25,316.0,0,528,528
10,529,663.875,317.5625,0,529,529
10,530,673.7763157894736,317.54605263157896,0,530,530
10,531,41.964285714285715,316.0892857142857,0,531,531
10,532,92.97222222222223,319.25,0,532,532
10,533,99.19642857142857,318.875,0,533,533
10,534,33.666666666666664,319.875,0,534,534
10,535,334.29411764705884,320.47058823529414,0,535,535
10,536,391.7368421052632,323.36842105263156,0,536,536
10,537,210.5,324.7142857142857,0,537,537
10,538,429.75,323.625,0,538,538
10,539,434.09090909090907,323.27272727272725,0,539,539
10,540,665.28,325.12,0,540,540
10,541,677.4117647058823,325.4117647058824,0,541,541
10,542,429.8888888888889,326.8024691358025,0,542,542
10,543,576.875,326.3125,0,543,543
10,544,331.08474576271186,327.0508474576271,0,544,544
10,545,422.1111111111111,327.3333333333333,0,545,545
10,546,436.2,328.2,0,546,546
10,547,442.0769230769231,327.61538461538464,0,547,547
10,548,220.5,328.0,0,548,548
10,549,607.5,328.0,0,549,549
10,550,585.0384615384615,327.88461538461536,0,550,550
10,551,217.5,330.0,0,551,551
10,552,626.2307692307693,332.38461538461536,0,552,552
10,553,336.0769230769231,331.38461538461536,0,553,553
10,554,581.28125,333.34375,0,554,554
10,555,659.5,330.07142857142856,0,555,555
10,556,682.3870967741935,331.258064516129,0,556,556
10,557,212.52702702702703,332.0405405405405,0,557,557
10,558,408.14285714285717,332.7142857142857,0,558,558
10,559,585.1666666666666,334.8333333333333,0,559,559
10,560,668.08,332.56,0,560,560
10,561,676.5277777777778,333.69444444444446,0,561,561
10,562,579.4545454545455,337.8181818181818,0,562,562
10,563,328.80645161290323,337.64516129032256,0,563,563
10,564,370.76271186440675,338.2457627118644,0,564,564
10,565,405.90625,336.8125,0,565,565
10,566,603.6666666666666,337.27777777777777,0,566,566
10,567,674.0909090909091,338.8181818181818,0,567,567
10,568,217.66666666666666,338.46666666666664,0,568,568
10,569,361.8181818181818,339.8181818181818,0,569,569
10,570,617.1842105263158,342.17543859649123,0,570,570
10,571,396.5,339.5,0,571,571
10,572,412.2857142857143,340.0,0,572,572
10,573,175.38095238095238,340.23809523809524,0,573,573
10,574,415.6666666666667,341.26666666666665,0,574,574
10,575,586.6,340.53333333333336,0,575,575
10,576,591.4242424242424,341.54545454545456,0,576,576
10,577,609.5,340.5,0,577,577
10,578,92.76,344.8,0,578,578
10,579,407.93333333333334,341.9555555555556,0,579,579
10,580,624.0714285714286,344.35714285714283,0,580,580
10,581,82.2,345.0,0,581,581
10,582,185.0,345.0,0,582,582
10,583,596.2413793103449,345.0,0,583,583
10,584,174.29113924050634,346.49367088607596,0,584,584
10,585,77.5625,347.28125,0,585,585
10,586,421.85714285714283,346.0,0,586,586
10,587,326.3030303030303,348.24242424242425,0,587,587
10,588,365.6875,348.0,0,588,588
10,589,369.2857142857143,349.0,0,589,589
10,590,402.3,349.1,0,590,590
10,591,662.0869565217391,349.60869565217394,0,591,591
10,592,87.81818181818181,349.8181818181818,0,592,592
10,593,186.44444444444446,350.3333333333333,0,593,593
10,594,650.5,352.0,0,594,594
10,595,95.08888888888889,352.68888888888887,0,595,595
10,596,87.95348837209302,354.95348837209303,0,596,596
10,597,381.2307692307692,354.84615384615387,0,597,597
10,598,668.0588235294117,355.7647058823529,0,598,598
10,599,178.11764705882354,355.47058823529414,0,599,599
10,600,676.8095238095239,355.95238095238096,0,600,600
10,601,358.92857142857144,357.7142857142857,0,601,601
10,602,126.5,359.5,0,602,602
10,603,375.2857142857143,359.0,0,603,603
10,604,289.2857142857143,358.7857142857143,0,604,604
10,605,141.19444444444446,361.77777777777777,0,605,605
10,606,382.2857142857143,360.85714285714283,0,606,606
10,607,658.5925925925926,360.44444444444446,0,607,607
10,608,667.0,360.1,0,608,608
10,609,371.275,361.525,0,609,609
10,610,659.1538461538462,364.9230769230769,0,610,610
10,611,298.11764705882354,365.4117647058824,0,611,611
10,612,376.58620689655174,365.41379310344826,0,612,612
10,613,673.2,365.2,0,613,613
10,614,122.30645161290323,366.80645161290323,0,614,614
10,615,669.109375,366.203125,0,615,615
10,616,133.29166666666666,368.0,0,616,616
10,617,288.7792207792208,366.4935064935065,0,617,617
10,618,681.5675675675676,367.4864864864865,0,618,618
10,619,673.4705882352941,370.2352941176471,0,619,619
10,620,139.5121951219512,370.0487804878049,0,620,620
10,621,375.25,370.2,0,621,621
10,622,361.0,370.0,0,622,622
10,623,369.72222222222223,371.8333333333333,0,623,623
10,624,138.0,373.2857142857143,0,624,624
10,625,356.3333333333333,371.77777777777777,0,625,625
10,626,445.5,371.7142857142857,0,626,626
10,627,454.5,372.0,0,627,627
10,628,383.5,372.5,0,628,628
10,629,128.86666666666667,373.46666666666664,0,629,629
10,630,223.38709677419354,373.3225806451613,0,630,630
10,631,505.5,374.0,0,631,631
10,632,592.2962962962963,374.55555555555554,0,632,632
10,633,599.7017543859649,377.719298245614,0,633,633
10,634,216.93023255813952,375.6046511627907,0,634,634
10,635,595.3333333333334,376.3333333333333,0,635,635
10,636,443.4,377.2,0,636,636
10,637,458.7857142857143,377.35714285714283,0,637,637
10,638,228.71641791044777,376.65671641791045,0,638,638
10,639,340.96666666666664,378.06666666666666,0,639,639
10,640,360.6140350877193,375.49122807017545,0,640,640
10,641,602.2857142857143,378.0,0,641,641
10,642,448.97435897435895,378.4102564102564,0,642,642
10,643,510.3809523809524,379.0,0,643,643
10,644,604.0,378.75,0,644,644
10,645,112.53846153846153,380.38461538461536,0,645,645
10,646,284.07936507936506,383.1904761904762,0,646,646
10,647,297.07894736842104,380.86842105263156,0,647,647
10,648,347.1938775510204,382.7551020408163,0,648,648
10,649,596.8333333333334,380.8333333333333,0,649,649
10,650,222.94117647058823,381.6470588235294,0,650,650
10,651,353.5882352941176,382.3529411764706,0,651,651
10,652,498.0,381.0,0,652,652
10,653,513.1666666666666,381.8333333333333,0,653,653
10,654,606.9555555555555,383.0888888888889,0,654,654
10,655,224.88888888888889,385.27777777777777,0,655,655
10,656,497.037037037037,384.44444444444446,0,656,656
10,657,636.75,385.1388888888889,0,657,657
10,658,143.66666666666666,385.6666666666667,0,658,658
10,659,340.1818181818182,386.45454545454544,0,659,659
10,660,502.06451612903226,386.7096774193548,0,660,660
10,661,627.1818181818181,385.6363636363636,0,661,661
10,662,30.727272727272727,388.0,0,662,662
10,663,177.93023255813952,388.3837209302326,0,663,663
10,664,514.0,386.25,0,664,664
10,665,642.5,388.5,0,665,665
10,666,513.3478260869565,388.3478260869565,0,666,666
10,667,146.36363636363637,388.5,0,667,667
10,668,453.3047619047619,390.6095238095238,0,668,668
10,669,509.28125,391.4375,0,669,669
10,670,119.21052631578948,391.13157894736844,0,670,670
10,671,146.0,392.0,0,671,671
10,672,191.3,390.9428571428571,0,672,672
10,673,292.71875,392.78125,0,673,673
10,674,583.5909090909091,393.8333333333333,0,674,674
10,675,634.8846153846154,391.84615384615387,0,675,675
10,676,110.06,391.6,0,676,676
10,677,597.8333333333334,393.6666666666667,0,677,677
10,678,179.46428571428572,395.42857142857144,0,678,678
10,679,184.66666666666666,395.1666666666667,0,679,679
10,680,579.25,395.0,0,680,680
10,681,590.9166666666666,396.0,0,681,681
10,682,629.5862068965517,394.62068965517244,0,682,682
10,683,136.83333333333334,396.1666666666667,0,683,683
10,684,142.44642857142858,396.25,0,684,684
10,685,457.38461538461536,397.15384615384613,0,685,685
10,686,486.35714285714283,394.2142857142857,0,686,686
10,687,42.19230769230769,397.88461538461536,0,687,687
10,688,28.9,399.225,0,688,688
10,689,115.64406779661017,398.49152542372883,0,689,689
10,690,632.4814814814815,400.31481481481484,0,690,690
10,691,136.96296296296296,401.537037037037,0,691,691
10,692,624.9032258064516,400.48387096774195,0,692,692
10,693,637.375,400.75,0,693,693
10,694,131.44444444444446,402.3333333333333,0,694,694
10,695,584.5666666666667,401.3,0,695,695
10,696,37.26315789473684,403.8421052631579,0,696,696
10,697,46.17391304347826,402.8695652173913,0,697,697
10,698,488.4625,402.9875,0,698,698
10,699,24.17391304347826,405.0,0,699,699
10,700,632.4,406.6,0,700,700
10,701,586.9411764705883,408.3333333333333,0,701,701
10,702,487.9756097560976,409.9512195121951,0,702,702
10,703,551.5,409.5,0,703,703
10,704,559.6363636363636,409.09090909090907,0,704,704
10,705,492.81632653061223,411.9795918367347,0,705,705
10,706,556.125,409.875,0,706,706
10,707,26.266666666666666,412.03333333333336,0,707,707
10,708,584.6,412.0,0,708,708
10,709,322.8045977011494,416.57471264367814,0,709,709
10,710,496.75,413.0,0,710,710
10,711,569.0,413.25,0,711,711
10,712,563.0,414.25,0,712,712
10,713,194.28571428571428,418.0,0,713,713
10,714,496.9259259259259,418.55555555555554,0,714,714
10,715,561.25,419.0,0,715,715
10,716,566.9690721649484,418.2371134020619,0,716,716
10,717,309.7,418.3,0,717,717
10,718,329.5,419.7142857142857,0,718,718
10,719,399.0,419.25,0,719,719
10,720,488.8333333333333,421.0833333333333,0,720,720
10,721,90.0,423.0,0,721,721
10,722,175.58333333333334,421.1666666666667,0,722,722
10,723,181.94444444444446,421.44444444444446,0,723,723
10,724,412.5,422.0,0,724,724
10,725,453.7368421052632,421.63157894736844,0,725,725
10,726,560.1176470588235,423.4117647058824,0,726,726
10,727,186.64,423.94,0,727,727
10,728,568.1666666666666,424.1666666666667,0,728,728
10,729,99.08333333333333,423.6666666666667,0,729,729
10,730,177.71428571428572,424.9047619047619,0,730,730
10,731,191.28571428571428,424.0,0,731,731
10,732,277.78,423.98,0,732,732
10,733,317.9016393442623,424.21311475409834,0,733,733
10,734,100.66666666666667,427.0,0,734,734
10,735,309.8082191780822,425.5342465753425,0,735,735
10,736,164.11764705882354,428.11764705882354,0,736,736
10,737,408.0,428.3333333333333,0,737,737
10,738,412.3636363636364,428.09090909090907,0,738,738
10,739,456.6216216216216,426.13513513513516,0,739,739
10,740,160.0909090909091,428.3636363636364,0,740,740
10,741,574.1666666666666,429.1666666666667,0,741,741
10,742,113.2,430.4,0,742,742
10,743,537.6666666666666,430.9259259259259,0,743,743
10,744,397.76229508196724,426.05737704918033,0,744,744
10,745,145.22222222222223,432.8611111111111,0,745,745
10,746,180.96875,433.09375,0,746,746
10,747,398.7,434.7,0,747,747
10,748,99.16666666666667,434.0,0,748,748
10,749,164.05,434.1,0,749,749
10,750,308.2,433.3,0,750,750
10,751,104.01030927835052,434.7319587628866,0,751,751
10,752,149.91666666666666,434.8333333333333,0,752,752
10,753,279.6111111111111,436.0833333333333,0,753,753
10,754,458.0173913043478,434.55652173913046,0,754,754
10,755,37.294117647058826,436.29411764705884,0,755,755
10,756,115.14285714285714,436.1142857142857,0,756,756
10,757,283.2857142857143,435.57142857142856,0,757,757
10,758,316.875,435.25,0,758,758
10,759,377.375,435.4166666666667,0,759,759
10,760,450.8333333333333,435.8333333333333,0,760,760
10,761,45.75,435.625,0,761,761
10,762,308.875,437.0833333333333,0,762,762
10,763,410.7647058823529,437.6470588235294,0,763,763
10,764,318.04347826086956,438.3478260869565,0,764,764
10,765,538.75,436.625,0,765,765
10,766,547.8,438.4,0,766,766
10,767,154.94827586206895,439.0689655172414,0,767,767
10,768,478.0,437.02222222222224,0,768,768
10,769,529.2857142857143,439.25,0,769,769
10,770,268.0379746835443,434.9113924050633,0,770,770
10,771,310.92857142857144,440.92857142857144,0,771,771
10,772,434.6896551724138,439.17241379310343,0,772,772
10,773,480.75,440.0,0,773,773
10,774,534.0,440.09090909090907,0,774,774
10,775,541.3461538461538,440.11538461538464,0,775,775
10,776,107.71428571428571,442.32142857142856,0,776,776
10,777,370.15384615384613,440.64102564102564,0,777,777
10,778,475.54945054945057,446.2087912087912,0,778,778
10,779,259.65384615384613,441.65384615384613,0,779,779
10,780,392.9166666666667,441.5833333333333,0,780,780
10,781,38.52777777777778,444.8611111111111,0,781,781
10,782,94.125,443.25,0,782,782
10,783,236.59459459459458,441.8918918918919,0,783,783
10,784,45.76056338028169,442.15492957746477,0,784,784
10,785,235.0,445.0,0,785,785
10,786,435.25,445.0,0,786,786
10,787,461.5,444.5,0,787,787
10,788,31.821428571428573,445.67857142857144,0,788,788
10,789,358.90909090909093,445.6363636363636,0,789,789
10,790,373.96666666666664,444.3,0,790,790
10,791,535.5,445.8,0,791,791
10,792,438.2352941176471,446.2352941176471,0,792,792
10,793,446.5,447.0,0,793,793
10,794,533.0,447.57142857142856,0,794,794
10,795,48.5,448.0,0,795,795
10,796,39.25,451.375,0,796,796
10,797,232.31645569620252,450.0886075949367,0,797,797
10,798,398.3333333333333,450.5151515151515,0,798,798
10,799,374.0175438596491,451.0701754385965,0,799,799
10,800,390.9583333333333,451.125,0,800,800
10,801,442.51851851851853,451.77777777777777,0,801,801
10,802,545.5822784810126,449.6455696202532,0,802,802
10,803,431.2307692307692,453.84615384615387,0,803,803
10,804,479.2857142857143,451.57142857142856,0,804,804
10,805,54.50769230769231,454.0923076923077,0,805,805
10,806,446.0,453.0,0,806,806
10,807,472.42857142857144,454.7142857142857,0,807,807
10,808,128.0,454.25,0,808,808
10,809,138.46296296296296,455.85185185185185,0,809,809
10,810,362.06666666666666,455.26666666666665,0,810,810
10,811,369.1,455.95,0,811,811
10,812,451.59375,455.375,0,812,812
10,813,551.1428571428571,454.7142857142857,0,813,813
10,814,49.714285714285715,456.0,0,814,814
10,815,57.333333333333336,457.6666666666667,0,815,815
10,816,471.75,458.375,0,816,816
10,817,62.42857142857143,456.7142857142857,0,817,817
10,818,477.75,457.625,0,818,818
10,819,548.7631578947369,459.1842105263158,0,819,819
10,820,118.0,459.32142857142856,0,820,820
10,821,127.15254237288136,460.08474576271186,0,821,821
10,822,393.1,459.26666666666665,0,822,822
10,823,540.375,460.75,0,823,823
10,824,122.83333333333333,460.5,0,824,824
10,825,230.35416666666666,460.9583333333333,0,825,825
10,826,446.42857142857144,460.9047619047619,0,826,826
10,827,131.5,461.5,0,827,827
10,828,402.57575757575756,461.75757575757575,0,828,828
10,829,476.96,462.24,0,829,829
10,830,60.46,461.58,0,830,830
10,831,512.4727272727273,466.5090909090909,0,831,831
10,832,546.0,463.0,0,832,832
10,833,140.25,465.0,0,833,833
10,834,266.4117647058824,465.88235294117646,0,834,834
10,835,436.234375,465.203125,0,835,835
10,836,409.06666666666666,466.73333333333335,0,836,836
10,837,543.8863636363636,465.8181818181818,0,837,837
10,838,415.3225806451613,467.35483870967744,0,838,838
10,839,521.3928571428571,466.82142857142856,0,839,839
10,840,527.3913043478261,467.2173913043478,0,840,840
10,841,270.0,467.6666666666667,0,841,841
10,842,272.2,468.8,0,842,842
10,843,428.6666666666667,469.5,0,843,843
10,844,62.857142857142854,469.3809523809524,0,844,844
10,845,261.69565217391306,470.4347826086956,0,845,845
10,846,279.125,469.25,0,846,846
10,847,50.25,470.85,0,847,847
10,848,193.16216216216216,471.02702702702703,0,848,848
10,849,352.6507936507937,471.1904761904762,0,849,849
10,850,396.6111111111111,471.6666666666667,0,850,850
10,851,479.5217391304348,471.89130434782606,0,851,851
10,852,584.8571428571429,470.0816326530612,0,852,852
10,853,46.61290322580645,473.2903225806452,0,853,853
10,854,274.8363636363636,472.74545454545455,0,854,854
10,855,404.09090909090907,472.6363636363636,0,855,855
10,856,470.9818181818182,473.6727272727273,0,856,856
10,857,591.6428571428571,473.07142857142856,0,857,857
10,858,149.0151515151515,472.45454545454544,0,858,858
10,859,438.8888888888889,474.5,0,859,859
10,860,458.89473684210526,474.42105263157896,0,860,860
10,861,464.0,473.6666666666667,0,861,861
10,862,41.333333333333336,475.0,0,862,862
10,863,142.26923076923077,476.5192307692308,0,863,863
10,864,266.5,475.0,0,864,864
10,865,152.57142857142858,476.85714285714283,0,865,865
10,866,203.26190476190476,476.3095238095238,0,866,866
10,867,263.1714285714286,477.0857142857143,0,867,867
10,868,636.5,475.5,0,868,868
10,869,92.66666666666667,476.8888888888889,0,869,869
10,870,137.26315789473685,477.89473684210526,0,870,870
10,871,416.4642857142857,476.94642857142856,0,871,871
10,872,582.5833333333334,476.25,0,872,872
10,873,596.0,477.5,0,873,873
10,874,34.72549019607843,478.88235294117646,0,874,874
10,875,425.6,478.48,0,875,875
10,876,460.90909090909093,479.3636363636364,0,876,876
10,877,519.9736842105264,479.5,0,877,877
10,878,64.6,479.9,0,878,878
10,879,137.0,480.75,0,879,879
10,880,469.25,480.375,0,880,880
10,881,586.4583333333334,479.9166666666667,0,881,881
10,882,40.57142857142857,480.6190476190476,0,882,882
10,883,51.3,481.25,0,883,883
10,884,113.61538461538461,481.61538461538464,0,884,884
10,885,186.9438202247191,477.6741573033708,0,885,885
10,886,407.8333333333333,481.1666666666667,0,886,886
10,887,410.6666666666667,481.1904761904762,0,887,887
10,888,473.0,480.5,0,888,888
10,889,597.8571428571429,480.92857142857144,0,889,889
10,890,626.0909090909091,481.3636363636364,0,890,890
10,891,580.0434782608696,482.1304347826087,0,891,891
10,892,303.7142857142857,483.57142857142856,0,892,892
10,893,638.3714285714286,484.8952380952381,0,893,893
10,894,63.54545454545455,485.09090909090907,0,894,894
10,895,93.61538461538461,486.61538461538464,0,895,895
10,896,316.72727272727275,486.1818181818182,0,896,896
10,897,325.8888888888889,486.55555555555554,0,897,897
10,898,186.91836734693877,487.2857142857143,0,898,898
10,899,306.36486486486484,484.2432432432432,0,899,899
10,900,346.875,487.125,0,900,900
10,901,76.5,488.5,0,901,901
10,902,87.3015873015873,484.3015873015873,0,902,902
10,903,121.63636363636364,489.0,0,903,903
10,904,311.0,490.22,0,904,904
10,905,407.5882352941176,488.88235294117646,0,905,905
10,906,635.1666666666666,491.1666666666667,0,906,906
10,907,117.66666666666667,490.3333333333333,0,907,907
10,908,123.6923076923077,492.0769230769231,0,908,908
10,909,605.0,491.65,0,909,909
10,910,488.8888888888889,492.1111111111111,0,910,910
10,911,311.09090909090907,494.72727272727275,0,911,911
10,912,88.33333333333333,494.3333333333333,0,912,912
10,913,114.16666666666667,496.24242424242425,0,913,913
10,914,486.2352941176471,493.29411764705884,0,914,914
10,915,597.5,494.0,0,915,915
10,916,83.65957446808511,494.1914893617021,0,916,916
10,917,118.16666666666667,495.1666666666667,0,917,917
10,918,111.55555555555556,496.0,0,918,918
10,919,483.3333333333333,497.3333333333333,0,919,919
10,920,125.8,497.5,0,920,920
10,921,612.7647058823529,496.0882352941176,0,921,921
10,922,492.4146341463415,499.4634146341463,0,922,922
10,923,85.125,500.875,0,923,923
10,924,616.3333333333334,501.22222222222223,0,924,924
10,925,435.0,501.25,0,925,925
10,926,440.5,504.0,0,926,926
10,927,482.5,505.0,0,927,927
10,928,434.04597701149424,507.9310344827586,0,928,928
10,929,488.87179487179486,506.28205128205127,0,929,929
10,930,426.1,508.05,0,930,930
